MyUnknownColumn,Ind_ID,GENDER,Car_Owner,Propert_Owner,CHILDREN,Annual_income,Type_Income,EDUCATION,Marital_status,Housing_type,Birthday_count,Employed_days,Mobile_phone,Work_Phone,Phone,EMAIL_ID,Type_Occupation,Family_Members,label
1,5009744,F,Y,N,0,315000,"Commercial associate","Higher education",Married,"House / apartment",-13557,-586,1,1,1,0,Laborers,2,1
2,5009746,F,Y,N,0,315000,"Commercial associate","Higher education",Married,"House / apartment",-16040.34207,-586,1,1,1,0,Laborers,2,1
3,5009749,F,Y,N,0,191399.3262,"Commercial associate","Higher education",Married,"House / apartment",-13557,-586,1,1,1,0,Laborers,2,1
4,5009752,F,Y,N,0,315000,"Commercial associate","Higher education",Married,"House / apartment",-13557,-586,1,1,1,0,Laborers,2,1
6,5009754,F,Y,N,0,315000,"Commercial associate","Higher education",Married,"House / apartment",-13557,-586,1,1,1,0,Laborers,2,1
7,5009894,F,N,N,0,180000,Pensioner,"Secondary / secondary special",Married,"House / apartment",-22134,365243,1,0,0,0,Laborers,2,1
11,5018498,F,Y,Y,0,90000,Working,"Secondary / secondary special",Married,"House / apartment",-18950,-1002,1,1,1,0,"Cooking staff",2,1
12,5018501,F,Y,Y,0,191399.3262,Working,"Secondary / secondary special",Married,"House / apartment",-18950,-1002,1,1,1,0,"Cooking staff",2,1
13,5018503,F,Y,Y,0,90000,Working,"Secondary / secondary special",Married,"House / apartment",-18950,-1002,1,1,1,0,"Cooking staff",2,1
23,5023831,F,N,Y,2,112500,"Commercial associate","Secondary / secondary special",Married,"House / apartment",-12135,-925,1,0,0,0,"Sales staff",4,1
24,5024071,F,N,Y,0,180000,Working,"Higher education",Married,"House / apartment",-15976,-854,1,0,0,0,Laborers,2,1
25,5024213,F,Y,Y,0,540000,"Commercial associate","Higher education",Married,"House / apartment",-15702,-185,1,0,1,0,Laborers,2,1
26,5024916,F,N,Y,0,112500,Pensioner,"Secondary / secondary special",Married,"House / apartment",-21832,365243,1,0,1,0,Laborers,2,1
27,5024917,F,N,Y,0,191399.3262,Pensioner,"Secondary / secondary special",Married,"House / apartment",-21832,365243,1,0,1,0,Laborers,2,1
31,5029311,F,N,Y,0,112500,Pensioner,"Secondary / secondary special",Married,"House / apartment",-21876,365243,1,0,1,1,Laborers,2,1
33,5033514,F,Y,N,1,135000,Working,"Secondary / secondary special",Married,"House / apartment",-15952,-384,1,1,0,0,"Sales staff",3,1
37,5036660,F,Y,Y,0,76500,Pensioner,"Secondary / secondary special",Married,"House / apartment",-23835,365243,1,0,0,0,Laborers,2,1
40,5042064,F,Y,N,2,270000,"State servant","Higher education",Married,"House / apartment",-16053,-7369,1,1,1,0,Laborers,4,1
46,5047662,F,N,Y,1,67500,"Commercial associate","Secondary / secondary special",Married,"House / apartment",-18880,-4114,1,0,0,0,Accountants,3,1
54,5052659,F,N,Y,0,103500,Working,"Secondary / secondary special",Married,"House / apartment",-10396,-564,1,0,0,1,"IT staff",2,1
55,5052661,F,N,Y,0,103500,Working,"Secondary / secondary special",Married,"House / apartment",-10396,-564,1,0,0,1,"IT staff",2,1
59,5053254,F,Y,Y,0,180000,"Commercial associate","Secondary / secondary special",Married,"House / apartment",-18667,-2150,1,1,0,0,Managers,2,1
62,5054524,F,N,N,2,180000,Working,"Secondary / secondary special",Married,"House / apartment",-16611,-8369,1,0,0,0,Laborers,4,1
73,5061636,F,N,Y,0,225000,Pensioner,"Secondary / secondary special",Married,"Municipal apartment",-21664,365243,1,0,1,0,Laborers,2,1
74,5061691,F,N,Y,1,67500,"Commercial associate","Higher education",Married,"House / apartment",-9122,-1567,1,0,0,1,"Waiters/barmen staff",3,1
77,5065348,F,Y,Y,0,202500,Working,"Higher education",Married,"House / apartment",-15160,-3974,1,0,0,0,"High skill tech staff",2,1
78,5065462,F,N,N,0,157500,"Commercial associate","Secondary / secondary special",Married,"House / apartment",-19004,-1570,1,0,0,0,Laborers,2,1
79,5065518,F,Y,N,1,202500,Working,"Higher education",Married,"Rented apartment",-9510,-2878,1,0,0,0,Laborers,3,1
81,5068456,F,Y,N,0,135000,"Commercial associate","Secondary / secondary special",Married,"House / apartment",-13581,-2576,1,0,0,0,Laborers,2,1
83,5069216,F,Y,Y,0,256500,"Commercial associate","Higher education",Married,"House / apartment",-11210,-1724,1,1,0,0,Accountants,2,1
86,5078820,F,N,N,2,225000,"Commercial associate","Secondary / secondary special",Married,"House / apartment",-14476,-4987,1,0,0,0,"High skill tech staff",4,1
93,5089162,F,Y,N,0,225000,Working,"Higher education",Married,"House / apartment",-20264,-2531,1,1,1,0,Accountants,2,1
99,5092245,F,N,N,0,103500,Pensioner,"Secondary / secondary special",Married,"House / apartment",-22111,365243,1,0,0,0,Laborers,2,1
104,5097065,F,N,Y,0,121500,Working,"Secondary / secondary special",Married,"House / apartment",-18971,-8161,1,0,0,0,Managers,2,1
108,5106077,F,N,Y,0,135000,"Commercial associate","Secondary / secondary special",Married,"House / apartment",-19764,-6944,1,0,0,0,"Medicine staff",2,1
111,5113944,F,Y,N,0,135000,Pensioner,"Secondary / secondary special",Married,"House / apartment",-23324,365243,1,0,1,0,Laborers,2,1
114,5115604,F,N,Y,0,202500,Working,"Secondary / secondary special",Married,"House / apartment",-14523,-3420,1,0,0,0,"Core staff",2,1
115,5115606,F,N,Y,0,202500,Working,"Secondary / secondary special",Married,"House / apartment",-14523,-3420,1,0,0,0,"Core staff",2,1
116,5115608,F,N,Y,0,202500,Working,"Secondary / secondary special",Married,"House / apartment",-14523,-3420,1,0,0,0,"Core staff",2,1
117,5115610,F,N,Y,0,202500,Working,"Secondary / secondary special",Married,"House / apartment",-14523,-3420,1,0,0,0,"Core staff",2,1
121,5116258,F,N,Y,4,180000,"Commercial associate","Secondary / secondary special",Married,"House / apartment",-17468,-7413,1,0,0,0,"Core staff",6,1
122,5116301,F,N,Y,0,180000,Pensioner,"Secondary / secondary special",Married,"House / apartment",-22655,365243,1,0,0,0,Laborers,2,1
123,5116302,F,N,Y,0,180000,Pensioner,"Secondary / secondary special",Married,"House / apartment",-22655,365243,1,0,0,0,Laborers,2,1
124,5116304,F,N,Y,0,180000,Pensioner,"Secondary / secondary special",Married,"House / apartment",-22655,365243,1,0,0,0,Laborers,2,1
125,5116305,F,N,Y,0,191399.3262,Pensioner,"Secondary / secondary special",Married,"House / apartment",-22655,365243,1,0,0,0,Laborers,2,1
127,5117313,F,N,Y,1,157500,"Commercial associate","Secondary / secondary special",Married,"House / apartment",-13022,-3931,1,1,1,0,Laborers,3,1
130,5118275,F,N,N,0,112500,Pensioner,"Secondary / secondary special",Married,"Municipal apartment",-21363,365243,1,0,0,0,Laborers,2,1
131,5118278,F,N,N,0,112500,Pensioner,"Secondary / secondary special",Married,"Municipal apartment",-21363,365243,1,0,0,0,Laborers,2,1
132,5118279,F,N,N,0,112500,Pensioner,"Secondary / secondary special",Married,"Municipal apartment",-21363,365243,1,0,0,0,Laborers,2,1
135,5118541,F,N,Y,0,72000,Working,"Secondary / secondary special",Married,"House / apartment",-18132,-1039,1,0,1,0,Laborers,2,1
137,5125299,F,N,Y,0,148500,Pensioner,"Secondary / secondary special",Married,"House / apartment",-20846,365243,1,0,0,0,Laborers,2,1
138,5125708,F,Y,Y,0,135000,Working,"Lower secondary",Married,"House / apartment",-16413,-622,1,0,1,0,"High skill tech staff",2,1
139,5125716,F,Y,Y,0,135000,Working,"Lower secondary",Married,"House / apartment",-16413,-622,1,0,1,0,"High skill tech staff",2,1
161,5145690,F,N,Y,0,306000,Pensioner,"Higher education",Married,"House / apartment",-21590,365243,1,0,0,0,Laborers,2,1
162,5145817,F,N,Y,0,90000,Pensioner,"Secondary / secondary special",Married,"House / apartment",-22011,365243,1,0,0,0,Laborers,2,1
164,5146079,F,N,Y,1,108000,Working,"Secondary / secondary special",Married,"House / apartment",-12723,-1132,1,1,1,0,"Sales staff",3,1
165,5146167,F,N,Y,0,135000,Working,"Secondary / secondary special",Married,"House / apartment",-20296,-1770,1,0,0,0,"Security staff",2,1
173,5149834,F,N,Y,0,157500,"Commercial associate","Higher education",Married,"House / apartment",-12387,-1325,1,0,1,1,"Medicine staff",2,1
174,5149838,F,N,Y,0,157500,Pensioner,"Higher education",Married,"House / apartment",-12387,-1325,1,0,1,1,"Medicine staff",2,1
175,5118538,F,N,Y,1,81000,Working,"Secondary / secondary special",Married,"Municipal apartment",-15749,-6367,1,1,1,0,"Cleaning staff",3,0
178,5086062,F,N,Y,0,135000,"State servant","Secondary / secondary special",Married,"House / apartment",-20542,-9422,1,0,1,0,"Core staff",2,0
179,5113717,F,N,N,1,135000,Working,"Secondary / secondary special",Married,"House / apartment",-16415,-3054,1,0,0,1,"Private service staff",3,0
180,5066765,F,N,Y,1,63000,"Commercial associate","Secondary / secondary special",Married,"House / apartment",-14550,-2987,1,0,0,0,"Sales staff",3,0
181,5105227,F,N,Y,0,135000,Working,"Secondary / secondary special",Married,"House / apartment",-17365,-2128,1,0,0,0,Laborers,2,0
183,5067187,F,N,Y,0,112500,Working,"Higher education",Married,"House / apartment",-11432,-820,1,1,0,0,"Core staff",2,0
184,5105818,F,N,Y,0,45000,Pensioner,"Secondary / secondary special",Married,"House / apartment",-22072,365243,1,0,1,0,Laborers,2,0
185,5033574,F,Y,Y,1,191399.3262,Working,"Secondary / secondary special",Married,"House / apartment",-14222,-141,1,1,1,0,"Cooking staff",3,0
186,5125478,F,N,Y,0,202500,Pensioner,"Secondary / secondary special",Married,"House / apartment",-20661,365243,1,0,0,0,Laborers,2,0
193,5048583,F,N,Y,0,135000,Pensioner,"Secondary / secondary special",Married,"House / apartment",-21579,365243,1,0,0,0,Laborers,2,0
195,5052722,F,N,N,0,126000,Pensioner,"Secondary / secondary special",Married,"House / apartment",-21875,365243,1,0,0,0,Laborers,2,0
201,5021445,F,N,Y,0,121500,Working,"Secondary / secondary special",Married,"With parents",-13315,-5204,1,1,1,0,"Core staff",2,0
203,5116163,F,N,Y,2,90000,Working,"Secondary / secondary special",Married,"House / apartment",-9899,-320,1,0,0,0,"Security staff",4,0
207,5067345,F,Y,N,0,180000,"Commercial associate","Secondary / secondary special",Married,"House / apartment",-16541,-1085,1,0,1,0,Laborers,2,0
208,5053711,F,Y,N,2,157500,"Commercial associate","Incomplete higher",Married,"House / apartment",-12857,-1399,1,0,0,1,Laborers,4,0
209,5096234,F,N,N,0,117000,Working,"Secondary / secondary special",Married,"House / apartment",-17087,-7310,1,1,1,0,"Medicine staff",2,0
213,5105685,F,N,Y,2,144000,Working,"Secondary / secondary special",Married,"House / apartment",-14132,-2805,1,1,1,0,"Private service staff",4,0
215,5085769,F,N,Y,0,191399.3262,"Commercial associate","Secondary / secondary special",Married,"House / apartment",-19310,-1477,1,0,0,0,"Cleaning staff",2,0
217,5140074,F,N,Y,0,90000,"Commercial associate","Secondary / secondary special",Married,"House / apartment",-15124,-431,1,0,0,0,"Core staff",2,0
218,5067643,F,N,Y,0,171000,Pensioner,"Higher education",Married,"House / apartment",-19961,365243,1,0,0,0,Laborers,2,0
223,5046283,F,N,Y,0,67050,Pensioner,"Higher education",Married,"House / apartment",-24305,365243,1,0,0,0,Laborers,2,0
225,5096061,F,N,N,2,73350,Working,"Secondary / secondary special",Married,"House / apartment",-14321,-7068,1,0,0,0,"Medicine staff",4,0
226,5028917,F,Y,Y,0,112500,Working,"Secondary / secondary special",Married,"House / apartment",-17202,-1787,1,0,0,0,"Sales staff",2,0
228,5095310,F,Y,Y,0,225000,Working,"Higher education",Married,"House / apartment",-12322,-3717,1,0,0,0,"Core staff",2,0
229,5050655,F,N,N,0,112500,Working,"Secondary / secondary special",Married,"House / apartment",-14667,-1048,1,1,1,0,Accountants,2,0
230,5033817,F,Y,N,1,292500,"State servant","Higher education",Married,"House / apartment",-16010,-2667,1,0,1,0,"Core staff",3,0
235,5090549,F,N,Y,0,157500,Working,"Secondary / secondary special",Married,"House / apartment",-15241,-2531,1,0,0,0,Laborers,2,0
236,5054522,F,Y,Y,1,135000,Working,"Higher education",Married,"House / apartment",-10014,-2311,1,0,0,0,Laborers,3,0
237,5051061,F,N,N,2,112500,"Commercial associate","Secondary / secondary special",Married,"House / apartment",-11945,-1323,1,0,1,0,Laborers,4,0
247,5009195,F,N,N,0,292500,"State servant","Secondary / secondary special",Married,"House / apartment",-20953,-8684,1,1,1,0,Accountants,2,0
248,5139548,F,Y,Y,2,157500,"Commercial associate","Higher education",Married,"House / apartment",-13584,-6337,1,0,1,0,"Medicine staff",4,0
249,5096416,F,N,N,0,76500,Working,"Secondary / secondary special",Married,"House / apartment",-16876,-97,1,1,0,0,Laborers,2,0
252,5038897,F,N,Y,0,135000,Pensioner,"Secondary / secondary special",Married,"House / apartment",-22886,365243,1,0,1,0,Laborers,2,0
255,5113539,F,N,Y,0,157500,Working,"Secondary / secondary special",Married,"House / apartment",-20976,-1776,1,0,0,0,Laborers,2,0
256,5085990,F,Y,Y,0,225000,Pensioner,"Secondary / secondary special",Married,"House / apartment",-21717,365243,1,0,0,0,Laborers,2,0
257,5033452,F,N,N,0,112500,Working,"Secondary / secondary special",Married,"House / apartment",-19143,-5498,1,1,1,0,"Core staff",2,0
261,5105614,F,Y,Y,2,135000,Working,"Higher education",Married,"House / apartment",-12334,-460,1,0,0,0,Accountants,4,0
262,5038845,F,N,Y,0,103500,"Commercial associate","Secondary / secondary special",Married,"House / apartment",-17007,-1569,1,1,1,0,"Sales staff",2,0
263,5105556,F,N,Y,0,157500,Working,"Secondary / secondary special",Married,"House / apartment",-19802,-4532,1,0,0,0,Laborers,2,0
265,5009980,F,Y,Y,0,180000,"State servant","Secondary / secondary special",Married,"House / apartment",-20644,-3873,1,0,0,0,"Medicine staff",2,0
266,5062075,F,N,Y,0,112500,Pensioner,"Secondary / secondary special",Married,"House / apartment",-21392,365243,1,0,0,0,Laborers,2,0
267,5009706,F,N,N,0,157500,Working,"Higher education",Married,"House / apartment",-11644,-344,1,0,0,0,Managers,2,0
269,5112662,F,N,N,1,135000,"Commercial associate","Secondary / secondary special",Married,"House / apartment",-12269,-604,1,0,0,0,Managers,3,0
271,5066843,F,N,Y,0,135000,Pensioner,"Secondary / secondary special",Married,"House / apartment",-17090,365243,1,0,0,0,Laborers,2,0
274,5009074,F,Y,Y,1,450000,"State servant","Higher education",Married,"House / apartment",-17726,-708,1,0,1,1,"Core staff",3,0
279,5139662,F,N,Y,0,157500,Pensioner,"Lower secondary",Married,"House / apartment",-23483,365243,1,0,0,0,Laborers,2,0
282,5068038,F,N,N,0,112500,"State servant","Secondary / secondary special",Married,"With parents",-17164,-9363,1,0,0,0,"Medicine staff",2,0
283,5038814,F,N,Y,0,247500,"Commercial associate","Secondary / secondary special",Married,"House / apartment",-19366,-746,1,0,0,0,Laborers,2,0
286,5052865,F,N,Y,0,94500,"Commercial associate","Incomplete higher",Married,"House / apartment",-13870,-3458,1,1,1,0,"Sales staff",2,0
288,5023280,F,Y,Y,0,180000,"Commercial associate","Secondary / secondary special",Married,"House / apartment",-16701,-2457,1,0,0,0,"Sales staff",2,0
290,5136012,F,N,N,3,180000,Working,"Higher education",Married,"House / apartment",-13678,-7018,1,0,0,0,"Core staff",5,0
295,5036562,F,N,N,1,112500,Working,"Secondary / secondary special",Married,"House / apartment",-11953,-5107,1,1,0,0,Laborers,3,0
297,5125281,F,N,Y,1,90000,Working,"Secondary / secondary special",Married,"House / apartment",-16280,-3694,1,0,0,1,"Sales staff",3,0
299,5021267,F,Y,Y,1,270000,Working,"Secondary / secondary special",Married,"House / apartment",-14512,-4596,1,0,0,0,Laborers,3,0
302,5010089,F,N,N,0,225000,"Commercial associate","Secondary / secondary special",Married,"House / apartment",-10304,-1682,1,0,0,0,Laborers,2,0
303,5126457,F,N,N,0,94500,Working,"Higher education",Married,"House / apartment",-16825,-196,1,0,0,0,"Security staff",2,0
306,5090861,F,Y,Y,0,202500,"Commercial associate","Secondary / secondary special",Married,"House / apartment",-19765,-2168,1,0,0,0,"Sales staff",2,0
308,5023410,F,N,Y,0,112500,Pensioner,"Secondary / secondary special",Married,"House / apartment",-21642,365243,1,0,0,0,Laborers,2,0
311,5033628,F,N,Y,0,166500,"State servant","Higher education",Married,"House / apartment",-23599,-13382,1,0,0,0,Laborers,2,0
315,5126124,F,Y,N,0,72000,Working,"Secondary / secondary special",Married,"House / apartment",-15185,-227,1,1,1,0,"Medicine staff",2,0
319,5090612,F,Y,N,0,202500,Working,"Higher education",Married,"House / apartment",-13788,-2905,1,0,0,0,Accountants,2,0
320,5028274,F,Y,N,2,360000,Working,"Incomplete higher",Married,"House / apartment",-12730,-2213,1,0,0,0,Accountants,4,0
322,5126322,F,N,N,0,270000,Working,"Secondary / secondary special",Married,"House / apartment",-17778,-1719,1,1,1,0,"High skill tech staff",2,0
323,5053610,F,N,Y,0,112500,Working,"Secondary / secondary special",Married,"Municipal apartment",-20589,-3680,1,0,0,0,Laborers,2,0
324,5069227,F,Y,Y,0,191399.3262,"Commercial associate","Secondary / secondary special",Married,"House / apartment",-17330,-962,1,0,1,0,"Sales staff",2,0
327,5053114,F,N,Y,0,99000,Pensioner,"Secondary / secondary special",Married,"House / apartment",-23849,365243,1,0,0,0,Laborers,2,0
328,5149027,F,N,Y,0,162000,Pensioner,"Secondary / secondary special",Married,"House / apartment",-22795,365243,1,0,0,0,Laborers,2,0
330,5053354,F,Y,N,0,225000,Working,"Secondary / secondary special",Married,"House / apartment",-18362,-110,1,0,0,0,Laborers,2,0
334,5044860,F,N,Y,0,167400,Pensioner,"Secondary / secondary special",Married,"House / apartment",-19028,365243,1,0,0,0,Laborers,2,0
337,5009739,F,Y,N,0,99000,Working,"Secondary / secondary special",Married,"House / apartment",-14657,-4392,1,1,1,0,"Core staff",2,0
338,5096991,F,N,Y,1,225000,"Commercial associate","Higher education",Married,"House / apartment",-12272,-126,1,0,0,0,"Core staff",3,0
344,5068888,F,N,Y,0,225000,Working,"Secondary / secondary special",Married,"House / apartment",-23537,-4888,1,0,0,0,"Medicine staff",2,0
349,5068465,F,N,Y,1,90000,"Commercial associate","Secondary / secondary special",Married,"House / apartment",-10175,-1966,1,0,1,0,"Private service staff",3,0
350,5036881,F,Y,Y,0,225000,Pensioner,"Secondary / secondary special",Married,"House / apartment",-22471,365243,1,0,0,0,Laborers,2,0
352,5148812,F,N,Y,0,112500,Pensioner,"Secondary / secondary special",Married,"House / apartment",-22416,365243,1,0,0,0,Laborers,2,0
354,5078842,F,Y,Y,1,135000,Working,"Secondary / secondary special",Married,"With parents",-10532,-117,1,0,0,0,"Private service staff",3,0
356,5105150,F,N,Y,0,90000,Working,"Higher education",Married,"House / apartment",-18940,-1763,1,0,0,0,"Sales staff",2,0
357,5045253,F,N,Y,1,270000,Working,"Secondary / secondary special",Married,"House / apartment",-20854,-3689,1,0,0,0,"Core staff",3,0
358,5100000,F,N,N,1,180000,"Commercial associate","Secondary / secondary special",Married,"House / apartment",-15226,-3414,1,0,0,0,"Sales staff",3,0
359,5029725,F,N,Y,1,135000,"Commercial associate","Higher education",Married,"House / apartment",-9778,-2910,1,1,0,1,"Core staff",3,0
360,5090925,F,N,Y,0,243000,"Commercial associate","Secondary / secondary special",Married,"With parents",-17000,-3412,1,0,0,0,Laborers,2,0
362,5028572,F,N,Y,0,112500,Pensioner,"Higher education",Married,"House / apartment",-22062,365243,1,0,0,0,Laborers,2,0
365,5113291,F,Y,Y,2,121500,Working,"Incomplete higher",Married,"House / apartment",-11327,-101,1,1,1,0,"Core staff",4,0
366,5139951,F,Y,Y,0,121500,"State servant","Secondary / secondary special",Married,"House / apartment",-19988,-3231,1,1,0,0,Laborers,2,0
368,5148527,F,N,Y,0,180000,Pensioner,"Secondary / secondary special",Married,"House / apartment",-23365,365243,1,0,0,0,Laborers,2,0
369,5009443,F,N,N,0,90000,"State servant","Secondary / secondary special",Married,"House / apartment",-9489,-1682,1,0,1,0,Laborers,2,0
370,5096621,F,N,N,1,135000,Working,"Secondary / secondary special",Married,"House / apartment",-14461,-1589,1,0,1,0,Laborers,3,0
372,5118448,F,N,N,1,76500,Working,"Secondary / secondary special",Married,"House / apartment",-10080,-735,1,1,0,0,"Sales staff",3,0
376,5010397,F,Y,Y,1,225000,Working,"Higher education",Married,"House / apartment",-14148,-1591,1,1,1,0,"High skill tech staff",3,0
377,5047789,F,Y,Y,0,225000,"Commercial associate","Higher education",Married,"House / apartment",-10457,-979,1,0,0,0,Laborers,2,0
379,5150047,F,N,Y,0,283500,Working,"Secondary / secondary special",Married,"House / apartment",-17958,-655,1,0,0,0,"Sales staff",2,0
382,5088699,F,Y,Y,0,252000,Working,"Secondary / secondary special",Married,"House / apartment",-17562,-1261,1,0,0,0,"Medicine staff",2,0
392,5143164,F,N,N,2,180000,"Commercial associate","Secondary / secondary special",Married,"House / apartment",-13791,-1353,1,1,0,0,Accountants,4,0
393,5088834,F,N,Y,0,612000,"State servant","Secondary / secondary special",Married,"House / apartment",-12563,-3715,1,0,0,1,Accountants,2,0
394,5135841,F,N,Y,1,36000,Working,"Secondary / secondary special",Married,"House / apartment",-12417,-1113,1,0,1,0,"Core staff",3,0
397,5135574,F,Y,Y,0,180000,Working,"Secondary / secondary special",Married,"House / apartment",-11749,-992,1,0,0,0,"Medicine staff",2,0
398,5009053,F,N,Y,2,202500,Working,"Higher education",Married,"House / apartment",-10997,-2289,1,0,0,1,"Core staff",4,0
401,5091400,F,N,N,0,135000,Working,"Secondary / secondary special",Married,"With parents",-12278,-869,1,0,0,0,Laborers,2,0
402,5050768,F,N,N,2,337500,Working,"Secondary / secondary special",Married,"House / apartment",-10990,-2174,1,0,0,0,"Core staff",4,0
404,5113132,F,Y,Y,0,360000,"Commercial associate","Secondary / secondary special",Married,"House / apartment",-19033,-3535,1,0,0,0,"Sales staff",2,0
405,5062670,F,Y,Y,1,135000,Working,"Higher education",Married,"House / apartment",-14863,-4407,1,0,0,0,Managers,3,0
409,5045203,F,Y,Y,0,139500,Pensioner,"Secondary / secondary special",Married,"House / apartment",-21009,365243,1,0,0,0,Laborers,2,0
411,5029544,F,Y,Y,1,133650,"Commercial associate","Secondary / secondary special",Married,"House / apartment",-14596,-1965,1,0,0,0,Laborers,3,0
413,5111159,F,Y,Y,1,81000,Working,"Higher education",Married,"House / apartment",-10648,-1393,1,1,1,0,"Core staff",3,0
414,5099957,F,Y,Y,1,225000,"Commercial associate","Higher education",Married,"House / apartment",-11239,-460,1,0,0,0,Accountants,3,0
415,5143360,F,N,Y,0,126000,Working,"Secondary / secondary special",Married,"House / apartment",-22811,-2234,1,1,1,0,"High skill tech staff",2,0
417,5117403,F,N,N,0,94500,Working,"Secondary / secondary special",Married,"House / apartment",-16758,-1619,1,0,0,0,"Waiters/barmen staff",2,0
419,5137542,F,N,N,0,157500,Working,"Secondary / secondary special",Married,"House / apartment",-18881,-3153,1,1,0,0,"Cooking staff",2,0
421,5090780,F,N,N,1,202500,Working,"Secondary / secondary special",Married,"House / apartment",-12047,-3443,1,0,0,0,Managers,3,0
422,5092242,F,N,N,0,117000,Working,"Secondary / secondary special",Married,"House / apartment",-20754,-2330,1,0,0,0,Laborers,2,0
426,5052739,F,N,Y,2,180000,"Commercial associate","Secondary / secondary special",Married,"House / apartment",-10454,-505,1,0,0,1,"High skill tech staff",4,0
428,5025029,F,N,N,0,135000,Pensioner,"Secondary / secondary special",Married,"House / apartment",-20013,365243,1,0,0,0,Laborers,2,0
431,5024578,F,N,N,1,90000,Working,"Secondary / secondary special",Married,"With parents",-10253,-1462,1,0,0,0,Laborers,3,0
436,5045611,F,N,Y,2,90000,Working,"Secondary / secondary special",Married,"House / apartment",-11762,-716,1,0,0,0,Laborers,4,0
437,5113288,F,Y,Y,2,121500,Working,"Incomplete higher",Married,"House / apartment",-11327,-101,1,1,1,0,"Core staff",4,0
438,5053003,F,Y,Y,0,157500,Working,"Incomplete higher",Married,"House / apartment",-9389,-1632,1,1,1,0,Laborers,2,0
439,5118038,F,N,N,2,121500,Working,"Higher education",Married,"House / apartment",-11697,-614,1,0,0,0,"HR staff",4,0
448,5061321,F,Y,Y,1,261000,"State servant","Higher education",Married,"House / apartment",-15050,-1628,1,0,0,0,Managers,3,0
449,5139410,F,Y,Y,2,135000,"State servant","Secondary / secondary special",Married,"House / apartment",-14439,-6094,1,1,0,0,"Core staff",4,0
451,5139658,F,N,Y,0,157500,Pensioner,"Lower secondary",Married,"House / apartment",-23483,365243,1,0,0,0,Laborers,2,0
460,5054188,F,N,N,0,135000,Working,"Secondary / secondary special",Married,"House / apartment",-11390,-515,1,0,1,0,"Sales staff",2,0
467,5066562,F,N,N,0,180000,"Commercial associate","Incomplete higher",Married,"With parents",-8247,-430,1,1,0,1,"Sales staff",2,0
468,5062547,F,N,Y,3,247500,"Commercial associate","Incomplete higher",Married,"House / apartment",-12099,-2207,1,0,0,1,Laborers,5,0
470,5024665,F,N,Y,0,157500,Working,"Secondary / secondary special",Married,"House / apartment",-14425,-4568,1,1,1,0,Laborers,2,0
471,5089626,F,N,N,0,315000,"Commercial associate","Higher education",Married,"House / apartment",-16188,-309,1,1,1,1,"Sales staff",2,0
472,5021373,F,N,Y,0,247500,Working,"Higher education",Married,"House / apartment",-22100,-578,1,0,0,1,Managers,2,0
476,5018461,F,N,Y,1,166500,Working,"Secondary / secondary special",Married,"House / apartment",-20208,-8033,1,0,1,0,Laborers,3,0
477,5096300,F,N,N,1,112500,"Commercial associate","Secondary / secondary special",Married,"House / apartment",-9320,-2257,1,0,0,0,"High skill tech staff",3,0
479,5025047,F,Y,N,3,112500,Working,"Secondary / secondary special",Married,"House / apartment",-11731,-3776,1,1,1,0,Laborers,5,0
482,5038510,F,N,Y,0,103500,Working,"Incomplete higher",Married,"House / apartment",-11855,-4583,1,0,0,0,Laborers,2,0
483,5023482,F,N,Y,1,119250,Working,"Secondary / secondary special",Married,"House / apartment",-15931,-4404,1,1,1,0,"Core staff",3,0
485,5062713,F,N,Y,1,157500,Working,"Secondary / secondary special",Married,"House / apartment",-14510,-3805,1,0,0,0,"Core staff",3,0
486,5088851,F,Y,Y,0,112500,Working,"Higher education",Married,"House / apartment",-11353,-2316,1,0,0,1,Accountants,2,0
487,5111117,F,N,Y,1,315000,Working,"Higher education",Married,"House / apartment",-11602,-1455,1,0,0,0,Managers,3,0
491,5099907,F,N,Y,2,112500,Working,"Incomplete higher",Married,"House / apartment",-10927,-1860,1,0,0,0,"Core staff",4,0
498,5010781,F,Y,Y,1,157500,"Commercial associate","Higher education",Married,"House / apartment",-14474,-2259,1,0,0,1,"Core staff",3,0
499,5022761,F,N,Y,0,180000,Working,"Secondary / secondary special",Married,"House / apartment",-9791,-1344,1,0,0,1,"Sales staff",2,0
500,5041980,F,N,N,0,211500,"Commercial associate","Higher education",Married,"With parents",-14636,-4690,1,1,1,0,Laborers,2,0
503,5132264,F,N,N,0,144000,Working,"Secondary / secondary special",Married,"House / apartment",-16040.34207,-2052,1,0,1,0,Laborers,2,0
504,5142136,F,N,N,2,144000,Working,"Secondary / secondary special",Married,"House / apartment",-17001,-5004,1,0,0,0,"Medicine staff",4,0
507,5139553,F,Y,Y,2,157500,"Commercial associate","Higher education",Married,"House / apartment",-13584,-6337,1,0,1,0,"Medicine staff",4,0
508,5041474,F,N,Y,0,90000,"Commercial associate","Higher education",Married,"House / apartment",-9006,-793,1,0,0,1,"Sales staff",2,0
509,5025020,F,N,Y,0,148500,Pensioner,"Secondary / secondary special",Married,"House / apartment",-21512,365243,1,0,0,0,Laborers,2,0
510,5118270,F,N,N,0,99000,Working,"Secondary / secondary special",Married,"With parents",-19566,-5453,1,1,0,0,"Medicine staff",2,0
515,5088836,F,N,Y,0,612000,"State servant","Secondary / secondary special",Married,"House / apartment",-12563,-3715,1,0,0,1,Accountants,2,0
516,5035418,F,N,Y,0,292500,Working,"Higher education",Married,"House / apartment",-21111,-4816,1,0,0,0,"Core staff",2,0
519,5086060,F,N,Y,0,135000,"State servant","Secondary / secondary special",Married,"House / apartment",-20542,-9422,1,0,1,0,"Core staff",2,0
520,5095117,F,N,Y,0,67500,Working,"Higher education",Married,"House / apartment",-14240,-1586,1,0,0,0,"Core staff",2,0
521,5067419,F,N,Y,0,144000,Pensioner,"Secondary / secondary special",Married,"House / apartment",-23334,365243,1,0,0,0,Laborers,2,0
522,5041307,F,Y,Y,0,90000,Pensioner,"Secondary / secondary special",Married,"House / apartment",-23118,365243,1,0,1,0,Laborers,2,0
529,5092436,F,Y,Y,0,112500,Pensioner,"Secondary / secondary special",Married,"House / apartment",-19921,365243,1,0,1,0,Laborers,2,0
530,5022243,F,N,Y,0,202500,Working,"Secondary / secondary special",Married,"House / apartment",-15231,-8375,1,0,0,1,"High skill tech staff",2,0
540,5091048,F,N,Y,2,270000,"Commercial associate","Higher education",Married,"House / apartment",-15438,-2197,1,0,0,1,Secretaries,4,0
542,5097106,F,N,Y,0,193500,Working,"Secondary / secondary special",Married,"House / apartment",-21026,-11448,1,0,1,0,Laborers,2,0
543,5099877,F,Y,Y,0,103500,Pensioner,"Secondary / secondary special",Married,"House / apartment",-21671,365243,1,0,1,0,Laborers,2,0
546,5010412,F,N,Y,0,202500,Pensioner,"Secondary / secondary special",Married,"House / apartment",-21854,365243,1,0,0,0,Laborers,2,0
552,5126527,F,N,N,0,225000,"State servant","Secondary / secondary special",Married,"With parents",-12269,-196,1,0,1,0,"Medicine staff",2,0
557,5067653,F,N,Y,0,787500,"State servant","Higher education",Married,"House / apartment",-17203,-1431,1,0,0,1,Managers,2,0
561,5024636,F,N,Y,0,191399.3262,Working,"Secondary / secondary special",Married,"House / apartment",-19922,-1128,1,0,0,0,Laborers,2,0
569,5025741,F,Y,N,0,216000,Working,"Higher education",Married,"Municipal apartment",-11974,-282,1,0,1,0,"Sales staff",2,0
570,5045992,F,N,Y,0,157500,"Commercial associate","Secondary / secondary special",Married,"House / apartment",-15256,-4491,1,0,0,0,Laborers,2,0
572,5024586,F,Y,Y,2,315000,"State servant","Secondary / secondary special",Married,"House / apartment",-12348,-1220,1,0,0,0,Managers,4,0
574,5091929,F,Y,N,0,135000,Working,"Secondary / secondary special",Married,"House / apartment",-18197,-657,1,0,0,0,Laborers,2,0
575,5149034,F,N,Y,0,180000,"State servant","Higher education",Married,"House / apartment",-17483,-1203,1,0,0,0,"Core staff",2,0
582,5135819,F,N,Y,0,90000,"Commercial associate","Secondary / secondary special",Married,"House / apartment",-19482,-2878,1,0,0,0,Laborers,2,0
583,5092287,F,N,Y,0,247500,Pensioner,"Higher education",Married,"House / apartment",-22107,365243,1,0,0,0,Laborers,2,0
585,5028280,F,N,N,1,157500,"Commercial associate","Incomplete higher",Married,"With parents",-11941,-2760,1,0,0,0,Laborers,3,0
586,5095896,F,N,N,1,112500,"Commercial associate","Higher education",Married,"House / apartment",-16018,-2532,1,1,1,0,Managers,3,0
588,5100027,F,Y,N,0,180000,Working,"Secondary / secondary special",Married,"House / apartment",-19317,-11542,1,0,0,0,"Medicine staff",2,0
591,5046126,F,N,Y,0,135000,Working,"Secondary / secondary special",Married,"House / apartment",-20301,-3092,1,1,1,0,Managers,2,0
593,5143319,F,Y,Y,0,112500,Pensioner,"Secondary / secondary special",Married,"House / apartment",-20838,365243,1,0,0,0,Laborers,2,0
595,5117248,F,N,Y,2,112500,Working,"Secondary / secondary special",Married,"House / apartment",-12974,-2379,1,0,0,0,Laborers,4,0
596,5024386,F,N,N,0,117000,Working,"Secondary / secondary special",Married,"Municipal apartment",-13494,-1281,1,0,0,0,"Sales staff",2,0
599,5089320,F,Y,N,0,135000,"Commercial associate","Higher education",Married,"House / apartment",-11616,-825,1,1,1,1,"High skill tech staff",2,0
607,5037157,F,N,Y,0,157500,Pensioner,"Secondary / secondary special",Married,"House / apartment",-22861,365243,1,0,1,0,Laborers,2,0
610,5021967,F,N,N,1,103500,Working,"Secondary / secondary special",Married,"House / apartment",-11720,-1191,1,0,0,0,"Sales staff",3,0
611,5135530,F,Y,Y,0,99000,Pensioner,"Secondary / secondary special",Married,"House / apartment",-21014,365243,1,0,0,0,Laborers,2,0
612,5146534,F,Y,N,1,67500,"State servant","Secondary / secondary special",Married,"House / apartment",-15151,-1162,1,0,0,0,"Core staff",3,0
613,5126101,F,N,Y,0,112500,Pensioner,"Secondary / secondary special",Married,"House / apartment",-21042,365243,1,0,1,0,Laborers,2,0
616,5079035,F,N,Y,0,135000,Pensioner,"Lower secondary",Married,"House / apartment",-22569,365243,1,0,0,0,Laborers,2,0
618,5113647,F,N,Y,0,225000,Working,"Incomplete higher",Married,"House / apartment",-12262,-223,1,0,0,1,Managers,2,0
620,5028781,F,N,Y,0,135000,Working,"Secondary / secondary special",Married,"House / apartment",-15836,-3034,1,0,0,0,Laborers,2,0
621,5125730,F,Y,Y,1,119700,Working,"Higher education",Married,"House / apartment",-13058,-3329,1,0,1,0,Laborers,3,0
624,5062214,F,N,Y,2,153000,"Commercial associate","Higher education",Married,"House / apartment",-13283,-1324,1,0,0,0,Accountants,4,0
625,5009023,F,N,Y,2,216000,"State servant","Higher education",Married,"House / apartment",-15444,-3112,1,0,0,1,Laborers,4,0
626,5029191,F,N,Y,0,202500,Working,"Secondary / secondary special",Married,"House / apartment",-16040.34207,-2959,1,0,0,0,"Sales staff",2,0
627,5028946,F,N,Y,0,90000,"State servant","Secondary / secondary special",Married,"House / apartment",-17420,-234,1,0,0,0,Laborers,2,0
628,5068470,F,N,N,1,108000,"Commercial associate","Secondary / secondary special",Married,"House / apartment",-15150,-719,1,0,0,0,"Medicine staff",3,0
629,5045828,F,N,Y,0,270000,Pensioner,"Higher education",Married,"House / apartment",-22340,365243,1,0,0,0,Laborers,2,0
630,5095930,F,N,N,0,76500,Pensioner,"Secondary / secondary special",Married,"House / apartment",-20592,365243,1,0,1,0,Laborers,2,0
631,5090049,F,N,Y,0,69372,Working,"Secondary / secondary special",Married,"House / apartment",-15887,-217,1,1,1,0,Laborers,2,0
632,5067730,F,N,Y,1,135000,"Commercial associate","Incomplete higher",Married,"House / apartment",-10288,-2616,1,1,1,0,Managers,3,0
633,5092239,F,N,N,0,117000,Working,"Secondary / secondary special",Married,"House / apartment",-20754,-2330,1,0,0,0,Laborers,2,0
635,5099914,F,N,Y,2,126000,Working,"Secondary / secondary special",Married,"House / apartment",-10020,-1587,1,1,1,0,"Sales staff",4,0
636,5053032,F,N,Y,0,135000,Pensioner,"Secondary / secondary special",Married,"House / apartment",-20755,365243,1,0,0,0,Laborers,2,0
643,5065342,F,N,Y,0,157500,Pensioner,"Secondary / secondary special",Married,"House / apartment",-22481,365243,1,0,1,0,Laborers,2,0
646,5135460,F,N,Y,3,37800,Pensioner,"Secondary / secondary special",Married,"House / apartment",-13014,365243,1,0,0,0,Laborers,5,0
647,5009319,F,Y,N,0,135000,Pensioner,"Secondary / secondary special",Married,"House / apartment",-20140,365243,1,0,1,1,Laborers,2,0
648,5091006,F,N,Y,0,157500,"Commercial associate","Secondary / secondary special",Married,"House / apartment",-17211,-3232,1,0,0,0,Laborers,2,0
652,5009472,F,N,N,0,157500,Working,"Secondary / secondary special",Married,"House / apartment",-19702,-9870,1,1,1,0,Laborers,2,0
653,5135378,F,N,Y,0,387000,"Commercial associate","Secondary / secondary special",Married,"House / apartment",-20082,-4979,1,0,0,0,"Sales staff",2,0
657,5008865,F,Y,Y,2,135000,Working,"Secondary / secondary special",Married,"House / apartment",-15761,-3173,1,0,0,0,Laborers,4,0
658,5116640,F,N,Y,1,202500,Working,"Secondary / secondary special",Married,"House / apartment",-15804,-732,1,0,0,1,Laborers,3,0
668,5069289,F,N,Y,0,270000,"Commercial associate","Incomplete higher",Married,"House / apartment",-14783,-3397,1,0,0,0,"Core staff",2,0
669,5135938,F,Y,N,2,315000,Working,"Secondary / secondary special",Married,"House / apartment",-15621,-3792,1,0,0,0,"Sales staff",4,0
670,5118026,F,N,N,0,315000,"Commercial associate","Secondary / secondary special",Married,"House / apartment",-13630,-3230,1,0,1,0,"High skill tech staff",2,0
671,5053524,F,N,Y,0,112500,Working,"Secondary / secondary special",Married,"House / apartment",-14762,-2464,1,0,1,0,Managers,2,0
672,5010567,F,Y,Y,0,121500,Working,"Higher education",Married,"House / apartment",-10145,-1682,1,0,0,1,"Sales staff",2,0
675,5036187,F,Y,Y,1,157500,Pensioner,"Secondary / secondary special",Married,"House / apartment",-20661,365243,1,0,1,0,Laborers,3,0
676,5050635,F,N,N,0,225000,"State servant","Secondary / secondary special",Married,"House / apartment",-13556,-2966,1,0,0,0,Managers,2,0
677,5067444,F,Y,Y,0,135000,Pensioner,"Secondary / secondary special",Married,"House / apartment",-22880,365243,1,0,0,0,Laborers,2,0
683,5066832,F,Y,Y,0,157500,Pensioner,"Lower secondary",Married,"House / apartment",-21739,365243,1,0,0,0,Laborers,2,0
689,5041681,F,N,N,0,94500,Pensioner,"Secondary / secondary special",Married,"House / apartment",-16040.34207,365243,1,0,1,0,Laborers,2,0
698,5115884,F,N,Y,0,54000,Pensioner,"Higher education",Married,"House / apartment",-24507,365243,1,0,0,0,Laborers,2,0
699,5010303,F,N,Y,0,189000,"Commercial associate","Secondary / secondary special",Married,"House / apartment",-20233,-6218,1,1,1,0,Laborers,2,0
700,5142496,F,Y,Y,1,135000,"Commercial associate","Higher education",Married,"House / apartment",-15481,-2874,1,0,0,0,"Private service staff",3,0
702,5125585,F,N,Y,0,121500,Pensioner,"Secondary / secondary special",Married,"House / apartment",-22571,365243,1,0,1,0,Laborers,2,0
709,5047667,F,N,N,0,90000,"Commercial associate","Secondary / secondary special",Married,"House / apartment",-8710,-522,1,0,0,0,Laborers,2,0
710,5091718,F,Y,Y,0,90000,"Commercial associate","Secondary / secondary special",Married,"House / apartment",-14116,-2269,1,0,0,0,"Medicine staff",2,0
717,5046086,F,Y,Y,0,99000,Working,"Secondary / secondary special",Married,"House / apartment",-21030,-2299,1,0,0,0,Laborers,2,0
719,5149592,F,N,Y,0,157500,Working,"Higher education",Married,"House / apartment",-12289,-1812,1,0,1,0,"Core staff",2,0
723,5096169,F,N,N,0,112500,"Commercial associate","Secondary / secondary special",Married,"House / apartment",-19601,-796,1,0,0,0,"High skill tech staff",2,0
725,5067542,F,N,Y,0,180000,"Commercial associate","Secondary / secondary special",Married,"House / apartment",-21180,-2728,1,0,0,0,Laborers,2,0
726,5090871,F,N,N,2,225000,Working,"Secondary / secondary special",Married,"House / apartment",-14172,-1130,1,0,0,0,"Medicine staff",4,0
729,5116319,F,N,Y,2,157500,Working,"Secondary / secondary special",Married,"House / apartment",-14212,-1889,1,0,0,0,Laborers,4,0
731,5042082,F,Y,N,0,315000,"Commercial associate","Higher education",Married,"House / apartment",-19495,-1678,1,0,1,0,Accountants,2,0
732,5091416,F,N,Y,0,225000,Working,"Higher education",Married,"House / apartment",-16202,-2939,1,1,1,0,Managers,2,0
733,5041675,F,Y,Y,1,333000,"Commercial associate","Higher education",Married,"House / apartment",-11525,-1616,1,0,0,0,Managers,3,0
735,5145965,F,N,N,2,130500,Working,"Secondary / secondary special",Married,"House / apartment",-15436,-3476,1,0,0,0,"Sales staff",4,0
736,5126543,F,Y,N,0,112500,Working,"Secondary / secondary special",Married,"House / apartment",-10238,-3453,1,0,0,0,Laborers,2,0
738,5068378,F,N,Y,1,126000,Working,"Higher education",Married,"House / apartment",-12662,-1359,1,1,1,1,"Sales staff",3,0
740,5010025,F,N,Y,0,135000,Working,"Secondary / secondary special",Married,"House / apartment",-20782,-2321,1,0,0,0,Laborers,2,0
741,5091016,F,N,Y,1,112500,Working,"Secondary / secondary special",Married,"House / apartment",-14284,-4267,1,0,0,0,"Cooking staff",3,0
742,5149744,F,N,Y,1,105750,Working,"Secondary / secondary special",Married,"With parents",-12753,-1386,1,0,0,0,"Cleaning staff",3,0
743,5117561,F,N,N,0,135000,Working,"Secondary / secondary special",Married,"House / apartment",-16040.34207,-645,1,1,0,0,Laborers,2,0
749,5113163,F,Y,Y,1,180000,Working,"Secondary / secondary special",Married,"House / apartment",-12579,-3716,1,1,1,0,Laborers,3,0
753,5036648,F,N,N,0,202500,"Commercial associate","Higher education",Married,"House / apartment",-11328,-3761,1,0,0,0,"High skill tech staff",2,0
760,5135779,F,N,Y,0,126000,Working,"Secondary / secondary special",Married,"House / apartment",-23844,-2147,1,0,1,0,Accountants,2,0
768,5148872,F,N,Y,0,135000,"State servant","Incomplete higher",Married,"House / apartment",-15371,-3332,1,0,0,0,"Core staff",2,0
774,5149402,F,N,N,1,135000,"Commercial associate","Secondary / secondary special",Married,"With parents",-13689,-1172,1,0,0,0,"Sales staff",3,0
775,5095554,F,N,N,0,76500,Pensioner,"Secondary / secondary special",Married,"House / apartment",-23235,365243,1,0,1,0,Laborers,2,0
779,5105555,F,N,Y,0,157500,Working,"Secondary / secondary special",Married,"House / apartment",-19802,-4532,1,0,0,0,Laborers,2,0
780,5136976,F,N,N,0,306000,"State servant","Higher education",Married,"House / apartment",-12677,-5587,1,0,0,0,"Medicine staff",2,0
783,5045844,F,Y,N,0,193500,Working,"Secondary / secondary special",Married,"House / apartment",-20836,-8966,1,0,0,0,Laborers,2,0
785,5062362,F,N,Y,0,270000,Pensioner,"Higher education",Married,"House / apartment",-20814,365243,1,0,0,0,Laborers,2,0
786,5010596,F,N,Y,0,112500,Pensioner,"Secondary / secondary special",Married,"House / apartment",-22927,365243,1,0,0,0,Laborers,2,0
789,5066617,F,N,Y,0,139500,Working,"Secondary / secondary special",Married,"House / apartment",-18730,-157,1,0,0,1,"Cooking staff",2,0
792,5068337,F,Y,Y,0,112500,Working,"Higher education",Married,"House / apartment",-10101,-505,1,1,1,0,Laborers,2,0
795,5028919,F,Y,Y,0,112500,Working,"Secondary / secondary special",Married,"House / apartment",-17202,-1787,1,0,0,0,"Sales staff",2,0
799,5100373,F,N,Y,2,180000,"Commercial associate","Secondary / secondary special",Married,"House / apartment",-12848,-3960,1,0,0,0,"Core staff",4,0
800,5112765,F,Y,N,1,315000,"Commercial associate","Higher education",Married,"House / apartment",-11025,-2065,1,1,1,1,Laborers,3,0
806,5085861,F,N,Y,0,135000,Working,"Secondary / secondary special",Married,"House / apartment",-18199,-5190,1,0,0,0,"Cleaning staff",2,0
809,5061753,F,N,Y,0,135000,Pensioner,"Secondary / secondary special",Married,"House / apartment",-23035,365243,1,0,1,0,Laborers,2,0
813,5038615,F,N,N,1,112500,"Commercial associate","Higher education",Married,"With parents",-12331,-3272,1,0,0,0,"Core staff",3,0
814,5047670,F,N,N,1,180000,"State servant","Higher education",Married,"House / apartment",-14069,-2500,1,1,1,1,"Core staff",3,0
815,5044987,F,N,Y,0,141750,Pensioner,"Higher education",Married,"House / apartment",-20345,365243,1,0,1,0,Laborers,2,0
816,5036828,F,N,Y,0,180000,Working,"Higher education",Married,"House / apartment",-19207,-4327,1,0,0,0,"Sales staff",2,0
818,5135446,F,N,Y,1,225000,Working,"Secondary / secondary special",Married,"With parents",-10035,-170,1,0,0,0,"Cleaning staff",3,0
824,5009821,F,Y,N,0,99000,Working,"Secondary / secondary special",Married,"House / apartment",-14883,-5457,1,0,1,0,"Cooking staff",2,0
826,5058281,F,N,Y,0,306000,"Commercial associate","Higher education",Married,"House / apartment",-14897,-3435,1,1,1,1,Laborers,2,0
828,5142988,F,N,N,1,135000,Working,"Higher education",Married,"House / apartment",-10567,-1504,1,1,0,0,"Core staff",3,0
830,5113373,F,N,Y,1,180000,Pensioner,"Higher education",Married,"House / apartment",-18979,365243,1,0,1,0,Laborers,3,0
835,5091457,F,N,Y,2,103500,Working,"Secondary / secondary special",Married,"House / apartment",-16040.34207,-6621,1,1,1,0,"Medicine staff",4,0
837,5149484,F,Y,Y,1,135000,"Commercial associate","Higher education",Married,"House / apartment",-11278,-2481,1,0,0,0,Laborers,3,0
841,5095433,F,N,Y,0,292500,Working,"Higher education",Married,"House / apartment",-18764,-9258,1,0,0,0,"High skill tech staff",2,0
842,5033797,F,Y,Y,0,148500,"Commercial associate","Secondary / secondary special",Married,"Office apartment",-17107,-2277,1,0,0,0,"Core staff",2,0
845,5100098,F,N,Y,0,90000,Working,"Secondary / secondary special",Married,"House / apartment",-10851,-826,1,0,0,0,Laborers,2,0
848,5089681,F,N,N,0,261000,"Commercial associate","Incomplete higher",Married,"House / apartment",-10028,-1070,1,1,0,0,Laborers,2,0
849,5052678,F,N,Y,1,135000,Working,"Higher education",Married,"House / apartment",-15624,-8172,1,1,1,0,"High skill tech staff",3,0
850,5116809,F,N,Y,0,112500,Working,"Secondary / secondary special",Married,"House / apartment",-18365,-701,1,0,0,0,"High skill tech staff",2,0
854,5088987,F,N,N,2,171000,Working,"Secondary / secondary special",Married,"House / apartment",-14622,-1160,1,1,1,0,"Core staff",4,0
855,5021584,F,N,N,1,40500,"State servant","Secondary / secondary special",Married,"Rented apartment",-13052,-1952,1,0,0,0,"Cooking staff",3,0
857,5051007,F,N,N,0,306000,"Commercial associate","Higher education",Married,"House / apartment",-10707,-1354,1,0,0,0,Managers,2,0
858,5024263,F,Y,N,0,202500,"Commercial associate","Secondary / secondary special",Married,"Municipal apartment",-21276,-1128,1,0,1,0,Accountants,2,0
859,5125771,F,N,Y,0,112500,Working,"Secondary / secondary special",Married,"House / apartment",-23360,-469,1,0,0,0,Laborers,2,0
861,5137247,F,N,N,0,90000,Working,"Secondary / secondary special",Married,"House / apartment",-17355,-3273,1,1,1,0,Secretaries,2,0
863,5061762,F,Y,N,1,135000,Working,"Higher education",Married,"Rented apartment",-11262,-563,1,0,0,1,Accountants,3,0
865,5009579,F,N,N,0,112500,Pensioner,"Secondary / secondary special",Married,"House / apartment",-21316,365243,1,0,0,0,Laborers,2,0
870,5069257,F,Y,Y,1,67500,Working,"Secondary / secondary special",Married,"House / apartment",-12821,-931,1,0,1,1,Laborers,3,0
873,5149413,F,N,Y,2,315000,"Commercial associate","Higher education",Married,"House / apartment",-10937,-168,1,0,1,0,Managers,4,0
874,5062745,F,N,Y,0,157500,Working,"Secondary / secondary special",Married,"House / apartment",-15035,-1128,1,0,1,0,"Cleaning staff",2,0
876,5114544,F,N,Y,0,166500,Working,"Incomplete higher",Married,"House / apartment",-10794,-4029,1,0,0,1,Laborers,2,0
883,5067832,F,Y,Y,0,315000,Working,"Higher education",Married,"House / apartment",-21377,-577,1,0,0,1,Laborers,2,0
885,5089512,F,Y,N,1,405000,Working,"Secondary / secondary special",Married,"Rented apartment",-13810,-1678,1,1,1,1,"Core staff",3,0
886,5116373,F,N,N,1,90000,Working,"Secondary / secondary special",Married,"With parents",-10092,-976,1,0,0,0,Laborers,3,0
892,5113639,F,N,N,0,135000,Pensioner,"Higher education",Married,"Municipal apartment",-19700,365243,1,0,0,0,Laborers,2,0
893,5052811,F,N,Y,0,117000,Working,"Secondary / secondary special",Married,"House / apartment",-17189,-4523,1,0,0,0,Managers,2,0
894,5095751,F,N,N,0,202500,Working,"Secondary / secondary special",Married,"With parents",-12869,-340,1,1,1,0,Managers,2,0
895,5096785,F,Y,Y,0,270000,Pensioner,"Secondary / secondary special",Married,"House / apartment",-24194,365243,1,0,0,0,Laborers,2,0
898,5079075,F,N,Y,0,216000,Working,"Secondary / secondary special",Married,"House / apartment",-15569,-1639,1,1,0,0,"Core staff",2,0
900,5051008,F,N,N,1,225000,"Commercial associate","Secondary / secondary special",Married,"House / apartment",-10448,-3392,1,1,1,1,"Realty agents",3,0
905,5025791,F,N,Y,0,157500,Working,"Secondary / secondary special",Married,"House / apartment",-18506,-3630,1,0,0,0,"Core staff",2,0
910,5010881,F,N,Y,0,45000,Pensioner,"Secondary / secondary special",Married,"House / apartment",-20688,365243,1,0,1,0,Laborers,2,0
914,5117450,F,N,N,2,90000,Working,"Secondary / secondary special",Married,"House / apartment",-11863,-96,1,1,0,0,Laborers,4,0
915,5143620,F,N,Y,0,191399.3262,Pensioner,"Secondary / secondary special",Married,"House / apartment",-23208,365243,1,0,1,0,Laborers,2,0
917,5089737,F,Y,N,0,135000,Working,"Secondary / secondary special",Married,"House / apartment",-19010,-6761,1,1,1,0,"Cleaning staff",2,0
924,5142920,F,N,N,1,292500,Working,"Incomplete higher",Married,"House / apartment",-12454,-4030,1,1,1,0,"Sales staff",3,0
931,5065798,F,N,Y,0,44550,Pensioner,"Secondary / secondary special",Married,"House / apartment",-22911,365243,1,0,0,0,Laborers,2,0
933,5148535,F,N,Y,1,157500,Working,"Secondary / secondary special",Married,"House / apartment",-10473,-1721,1,0,1,0,Laborers,3,0
935,5105412,F,N,Y,2,135000,Working,"Secondary / secondary special",Married,"House / apartment",-12760,-1518,1,0,0,0,Laborers,4,0
938,5054297,F,Y,N,0,112500,Working,"Secondary / secondary special",Married,"House / apartment",-14060,-7364,1,1,0,0,"Cooking staff",2,0
942,5045850,F,Y,Y,2,315000,"Commercial associate","Higher education",Married,"With parents",-12621,-1327,1,0,0,0,Managers,4,0
943,5058371,F,N,Y,0,117000,Working,"Secondary / secondary special",Married,"House / apartment",-17468,-355,1,1,1,0,Laborers,2,0
945,5137187,F,Y,N,0,67500,Working,"Secondary / secondary special",Married,"House / apartment",-11405,-1934,1,1,0,0,Laborers,2,0
950,5036765,F,N,N,1,112500,Working,"Secondary / secondary special",Married,"House / apartment",-12834,-1224,1,0,0,1,Laborers,3,0
951,5091880,F,Y,Y,0,202500,"Commercial associate","Secondary / secondary special",Married,"House / apartment",-18463,-7048,1,0,0,0,Accountants,2,0
953,5061481,F,N,Y,1,225000,"Commercial associate","Higher education",Married,"House / apartment",-9615,-2266,1,0,0,1,Managers,3,0
954,5125235,F,N,Y,2,157500,"Commercial associate","Higher education",Married,"House / apartment",-13766,-73,1,0,0,0,"High skill tech staff",4,0
957,5114630,F,N,Y,0,81000,Working,"Secondary / secondary special",Married,"House / apartment",-19738,-286,1,1,0,0,"Sales staff",2,0
958,5010225,F,Y,Y,1,90000,"State servant","Secondary / secondary special",Married,"House / apartment",-17532,-8044,1,0,0,0,"Medicine staff",3,0
959,5118526,F,N,Y,0,180000,"Commercial associate","Higher education",Married,"House / apartment",-22190,-523,1,0,0,0,Laborers,2,0
961,5118527,F,N,Y,0,180000,"Commercial associate","Higher education",Married,"House / apartment",-22190,-523,1,0,0,0,Laborers,2,0
964,5066865,F,N,Y,2,54000,Working,"Secondary / secondary special",Married,"House / apartment",-9905,-795,1,0,0,0,"Sales staff",4,0
965,5061832,F,N,Y,0,112500,Pensioner,"Secondary / secondary special",Married,"House / apartment",-22616,365243,1,0,0,0,Laborers,2,0
966,5009941,F,N,Y,2,157500,Working,"Secondary / secondary special",Married,"House / apartment",-10710,-2351,1,0,0,0,"Sales staff",4,0
968,5137175,F,N,N,0,225000,Working,"Secondary / secondary special",Married,"House / apartment",-20142,-3760,1,1,1,0,"Sales staff",2,0
974,5113455,F,N,Y,1,126000,"Commercial associate","Secondary / secondary special",Married,"House / apartment",-18140,-4119,1,0,0,0,Laborers,3,0
976,5126321,F,N,N,0,270000,Working,"Secondary / secondary special",Married,"House / apartment",-17778,-1719,1,1,1,0,"High skill tech staff",2,0
978,5068631,F,Y,Y,0,216000,Working,"Secondary / secondary special",Married,"House / apartment",-21216,-3641,1,0,0,0,Managers,2,0
981,5029184,F,N,Y,1,108000,Working,"Secondary / secondary special",Married,"House / apartment",-15973,-4603,1,0,0,0,Laborers,3,0
983,5046379,F,N,N,0,180000,Working,"Incomplete higher",Married,"House / apartment",-19558,-1904,1,0,0,0,Laborers,2,0
984,5118477,F,N,Y,0,180000,Working,"Secondary / secondary special",Married,"House / apartment",-17386,-888,1,0,0,0,Laborers,2,0
985,5106118,F,Y,Y,1,135000,Working,"Higher education",Married,"House / apartment",-13467,-393,1,0,0,0,"Core staff",3,0
986,5024148,F,Y,N,0,180000,Working,"Higher education",Married,"With parents",-11380,-1007,1,1,1,0,Accountants,2,0
987,5112966,F,N,N,0,112500,Working,"Secondary / secondary special",Married,"House / apartment",-18805,-10688,1,0,1,0,Laborers,2,0
989,5067262,F,Y,Y,0,270000,Working,"Secondary / secondary special",Married,"House / apartment",-19982,-1724,1,0,1,0,Laborers,2,0
990,5045255,F,N,Y,1,270000,Working,"Secondary / secondary special",Married,"House / apartment",-20854,-3689,1,0,0,0,"Core staff",3,0
991,5044478,F,N,N,0,135000,Working,"Secondary / secondary special",Married,"House / apartment",-16040.34207,-2228,1,0,0,0,Laborers,2,0
997,5028909,F,N,N,0,67500,Working,"Secondary / secondary special",Married,"House / apartment",-9963,-1876,1,0,0,0,"Sales staff",2,0
998,5090793,F,N,Y,0,247500,Working,"Higher education",Married,"House / apartment",-14020,-3503,1,0,1,0,"Core staff",2,0
1003,5028569,F,Y,Y,0,315000,"Commercial associate","Secondary / secondary special",Married,"House / apartment",-15653,-5500,1,0,0,1,"Core staff",2,0
1004,5114032,F,N,N,0,99000,Working,"Higher education",Married,"House / apartment",-14661,-5521,1,0,0,0,Laborers,2,0
1005,5085826,F,N,N,0,351000,"Commercial associate","Higher education",Married,"House / apartment",-21574,-1081,1,0,1,0,Laborers,2,0
1009,5018505,F,N,N,0,58500,Pensioner,"Secondary / secondary special",Married,"House / apartment",-20970,365243,1,0,0,0,Laborers,2,0
1016,5126687,F,N,Y,0,90000,Working,"Secondary / secondary special",Married,"House / apartment",-19899,-3149,1,1,0,0,Laborers,2,0
1017,5058509,F,N,Y,0,148500,Pensioner,"Secondary / secondary special",Married,"House / apartment",-22774,365243,1,0,0,0,Laborers,2,0
1019,5021730,F,Y,Y,1,180000,"Commercial associate","Secondary / secondary special",Married,"House / apartment",-16971,-1375,1,0,0,1,"Cleaning staff",3,0
1020,5048542,F,N,Y,0,121900.5,Pensioner,"Secondary / secondary special",Married,"House / apartment",-15946,365243,1,0,0,0,Laborers,2,0
1021,5096342,F,N,N,0,112500,Working,"Secondary / secondary special",Married,"Municipal apartment",-11688,-1162,1,1,0,0,Laborers,2,0
1022,5021293,F,Y,Y,1,180000,"Commercial associate","Higher education",Married,"House / apartment",-11901,-183,1,0,0,1,"Core staff",3,0
1023,5143079,F,Y,N,0,225000,"Commercial associate","Secondary / secondary special",Married,"House / apartment",-13926,-500,1,0,0,0,"Sales staff",2,0
1025,5062294,F,Y,Y,0,225000,Working,"Higher education",Married,"House / apartment",-17795,-2450,1,0,0,1,Managers,2,0
1026,5091222,F,N,Y,3,135000,Working,"Secondary / secondary special",Married,"House / apartment",-14838,-1539,1,0,0,0,Laborers,5,0
1027,5089887,F,N,Y,0,157500,Working,"Higher education",Married,"House / apartment",-10662,-1556,1,0,0,0,"Sales staff",2,0
1028,5090790,F,Y,Y,0,238500,Working,"Higher education",Married,"House / apartment",-15203,-7095,1,0,0,0,"Medicine staff",2,0
1030,5069292,F,Y,Y,1,180000,"Commercial associate","Secondary / secondary special",Married,"House / apartment",-15461,-2605,1,1,1,0,Managers,3,0
1038,5024925,F,N,N,0,33750,Pensioner,"Higher education",Married,"House / apartment",-19054,365243,1,0,0,0,Laborers,2,0
1042,5104945,F,N,Y,3,67500,"Commercial associate","Secondary / secondary special",Married,"House / apartment",-16694,-412,1,1,1,0,"Sales staff",5,0
1055,5149980,F,N,Y,1,405000,"State servant","Higher education",Married,"House / apartment",-12732,-4520,1,0,0,0,"Core staff",3,0
1056,5089580,F,Y,N,0,112500,"State servant","Secondary / secondary special",Married,"House / apartment",-11664,-460,1,1,1,0,"Core staff",2,0
1058,5105499,F,N,Y,0,202500,Working,"Higher education",Married,"House / apartment",-10669,-1495,1,0,0,0,Laborers,2,0
1060,5089275,F,Y,N,0,315000,Working,"Higher education",Married,"House / apartment",-13592,-3504,1,0,1,1,Accountants,2,0
1066,5090493,F,N,N,0,121500,Pensioner,"Secondary / secondary special",Married,"House / apartment",-21310,365243,1,0,0,0,Laborers,2,0
1070,5061500,F,N,Y,1,135000,Working,"Incomplete higher",Married,"House / apartment",-15948,-9359,1,0,0,0,Laborers,3,0
1074,5148981,F,Y,Y,0,94500,Working,"Secondary / secondary special",Married,"House / apartment",-18095,-10364,1,0,0,0,"High skill tech staff",2,0
1078,5050724,F,Y,N,0,360000,Working,"Higher education",Married,"House / apartment",-12845,-2296,1,1,1,0,Accountants,2,0
1082,5053744,F,N,Y,0,360000,"State servant","Higher education",Married,"House / apartment",-16182,-3163,1,0,1,0,Managers,2,0
1086,5033895,F,N,N,2,135000,Working,"Secondary / secondary special",Married,"With parents",-11296,-1670,1,0,0,0,"Core staff",4,0
1088,5062205,F,N,Y,0,112500,"Commercial associate","Higher education",Married,"House / apartment",-17472,-1202,1,1,1,0,Laborers,2,0
1089,5056237,F,N,Y,0,40500,Working,"Secondary / secondary special",Married,"House / apartment",-12729,-4936,1,1,0,0,"Cleaning staff",2,0
1091,5135863,F,N,Y,2,67500,Working,"Secondary / secondary special",Married,"House / apartment",-12226,-596,1,0,0,0,"Sales staff",4,0
1092,5050793,F,N,N,0,315000,"State servant","Higher education",Married,"House / apartment",-21247,-6648,1,0,0,0,"Core staff",2,0
1093,5091057,F,N,Y,2,270000,"Commercial associate","Higher education",Married,"House / apartment",-15438,-2197,1,0,0,1,Secretaries,4,0
1097,5118545,F,Y,N,0,270000,Working,"Secondary / secondary special",Married,"House / apartment",-18279,-1741,1,0,1,0,"Sales staff",2,0
1102,5033728,F,Y,Y,1,202500,Working,"Secondary / secondary special",Married,"House / apartment",-13666,-2089,1,1,1,0,"Core staff",3,0
1104,5024033,F,N,Y,2,112500,Working,"Secondary / secondary special",Married,"With parents",-14612,-397,1,0,0,0,"Core staff",4,0
1105,5113841,F,N,Y,0,135000,"Commercial associate","Higher education",Married,"House / apartment",-8961,-923,1,1,0,1,"Core staff",2,0
1114,5091795,F,Y,N,1,90000,Working,"Secondary / secondary special",Married,"House / apartment",-15179,-991,1,0,0,0,Laborers,3,0
1117,5068511,F,N,Y,0,135000,"Commercial associate","Secondary / secondary special",Married,"House / apartment",-15875,-2758,1,1,1,0,"Core staff",2,0
1119,5036926,F,Y,Y,0,157500,"Commercial associate","Secondary / secondary special",Married,"House / apartment",-11907,-2988,1,1,1,1,"Core staff",2,0
1120,5114138,F,N,N,2,180000,"State servant","Secondary / secondary special",Married,"Office apartment",-11176,-2904,1,1,0,0,Laborers,4,0
1124,5146024,F,N,Y,0,360000,"Commercial associate","Higher education",Married,"House / apartment",-11089,-3902,1,0,1,0,"Core staff",2,0
1125,5036093,F,N,Y,0,135000,Working,"Secondary / secondary special",Married,"House / apartment",-21694,-3202,1,1,0,0,"Security staff",2,0
1126,5068339,F,Y,Y,0,112500,Working,"Higher education",Married,"House / apartment",-10101,-505,1,1,1,0,Laborers,2,0
1130,5089632,F,N,N,0,315000,"Commercial associate","Higher education",Married,"House / apartment",-16188,-309,1,1,1,1,"Sales staff",2,0
1132,5028930,F,Y,Y,0,112500,Working,"Secondary / secondary special",Married,"House / apartment",-17202,-1787,1,0,0,0,"Sales staff",2,0
1134,5116643,F,N,Y,0,261000,Working,"Secondary / secondary special",Married,"House / apartment",-20047,-2559,1,0,0,0,Laborers,2,0
1137,5033814,F,N,Y,0,135000,Working,"Secondary / secondary special",Married,"House / apartment",-13153,-1182,1,0,0,0,Laborers,2,0
1139,5142239,F,Y,Y,0,270000,"State servant","Higher education",Married,"House / apartment",-16421,-8230,1,0,0,0,Managers,2,0
1146,5096095,F,N,N,1,135000,Working,"Secondary / secondary special",Married,"House / apartment",-10728,-1619,1,1,1,0,Accountants,3,0
1148,5142599,F,N,Y,2,76500,"State servant","Higher education",Married,"House / apartment",-14595,-2143,1,0,0,0,Laborers,4,0
1150,5053173,F,Y,Y,0,157500,Working,"Secondary / secondary special",Married,"House / apartment",-16712,-2393,1,0,0,0,"Core staff",2,0
1156,5068340,F,Y,Y,0,112500,Working,"Higher education",Married,"House / apartment",-10101,-505,1,1,1,0,Laborers,2,0
1158,5091921,F,N,Y,2,72000,Working,"Secondary / secondary special",Married,"House / apartment",-15368,-5496,1,1,1,0,"Medicine staff",4,0
1159,5139729,F,N,Y,0,135000,Working,"Secondary / secondary special",Married,"House / apartment",-20463,-2319,1,0,0,0,"Cleaning staff",2,0
1160,5117605,F,N,N,0,157500,Working,"Higher education",Married,"House / apartment",-14098,-2257,1,0,0,0,"Core staff",2,0
1163,5117254,F,Y,Y,0,207000,"State servant","Higher education",Married,"House / apartment",-22398,-3506,1,0,0,0,"Medicine staff",2,0
1165,5079181,F,N,N,0,112500,"Commercial associate","Incomplete higher",Married,"House / apartment",-10177,-2339,1,0,1,0,Laborers,2,0
1166,5028802,F,N,N,2,112500,Working,"Secondary / secondary special",Married,"House / apartment",-15766,-1086,1,0,0,0,Laborers,4,0
1168,5088279,F,N,N,0,67500,Working,"Secondary / secondary special",Married,"House / apartment",-20075,-7013,1,1,1,0,"Sales staff",2,0
1170,5058286,F,N,Y,0,306000,"Commercial associate","Higher education",Married,"House / apartment",-14897,-3435,1,1,1,1,Laborers,2,0
1171,5010218,F,Y,Y,1,90000,"State servant","Secondary / secondary special",Married,"House / apartment",-17532,-8044,1,0,0,0,"Medicine staff",3,0
1176,5146296,F,N,N,0,67500,Working,"Secondary / secondary special",Married,"House / apartment",-18029,-3902,1,1,0,0,"Security staff",2,0
1177,5033966,F,N,Y,0,180000,"Commercial associate","Secondary / secondary special",Married,"House / apartment",-15103,-3154,1,0,0,0,"Sales staff",2,0
1180,5035866,F,N,Y,0,247500,"Commercial associate","Secondary / secondary special",Married,"House / apartment",-17656,-1225,1,0,0,0,"Cooking staff",2,0
1183,5126503,F,N,N,0,171000,Pensioner,"Secondary / secondary special",Married,"House / apartment",-20977,365243,1,0,1,0,Laborers,2,0
1184,5023209,F,N,N,1,135000,"Commercial associate","Secondary / secondary special",Married,"House / apartment",-14438,-235,1,0,0,0,"Sales staff",3,0
1185,5142860,F,N,N,0,135000,Working,"Secondary / secondary special",Married,"House / apartment",-14080,-1869,1,0,1,0,Laborers,2,0
1186,5087852,F,Y,N,0,202500,"State servant","Secondary / secondary special",Married,"House / apartment",-19598,-11940,1,0,1,0,"Medicine staff",2,0
1190,5113711,F,Y,Y,1,405000,"State servant","Secondary / secondary special",Married,"House / apartment",-16962,-407,1,0,1,1,Laborers,3,0
1191,5069199,F,Y,Y,1,225000,"Commercial associate","Secondary / secondary special",Married,"House / apartment",-13591,-3246,1,0,0,0,"Sales staff",3,0
1195,5018471,F,N,Y,1,166500,Working,"Secondary / secondary special",Married,"House / apartment",-20208,-8033,1,0,1,0,Laborers,3,0
1196,5096059,F,N,N,2,73350,Working,"Secondary / secondary special",Married,"House / apartment",-14321,-7068,1,0,0,0,"Medicine staff",4,0
1198,5038619,F,N,N,0,103500,Pensioner,"Secondary / secondary special",Married,"House / apartment",-24346,365243,1,0,0,0,Laborers,2,0
1199,5048448,F,N,Y,0,202500,Pensioner,"Secondary / secondary special",Married,"House / apartment",-16040.34207,365243,1,0,0,0,Laborers,2,0
1200,5053293,F,N,Y,0,76500,Pensioner,"Secondary / secondary special",Married,"Municipal apartment",-20382,365243,1,0,0,0,Laborers,2,0
1202,5143362,F,N,Y,0,126000,Working,"Secondary / secondary special",Married,"House / apartment",-22811,-2234,1,1,1,0,"High skill tech staff",2,0
1203,5137163,F,N,N,0,211500,Working,"Secondary / secondary special",Married,"House / apartment",-17249,-1661,1,1,1,0,Laborers,2,0
1210,5045069,F,N,N,0,112500,Working,"Secondary / secondary special",Married,"House / apartment",-10344,-2533,1,0,0,0,Laborers,2,0
1211,5042130,F,N,N,0,247500,Working,"Higher education",Married,"House / apartment",-14136,-7400,1,1,1,0,Managers,2,0
1213,5047787,F,Y,Y,0,225000,"Commercial associate","Higher education",Married,"House / apartment",-10457,-979,1,0,0,0,Laborers,2,0
1216,5028907,F,N,N,0,67500,Working,"Secondary / secondary special",Married,"House / apartment",-9963,-1876,1,0,0,0,"Sales staff",2,0
1219,5135705,F,N,N,0,135000,Working,"Secondary / secondary special",Married,"House / apartment",-11004,-1570,1,0,0,0,"Private service staff",2,0
1221,5028468,F,Y,Y,2,135000,Working,"Secondary / secondary special",Married,"House / apartment",-12406,-265,1,0,0,1,Drivers,4,0
1222,5113374,F,N,Y,1,180000,Pensioner,"Higher education",Married,"House / apartment",-18979,365243,1,0,1,0,Laborers,3,0
1223,5125775,F,N,Y,0,112500,Working,"Secondary / secondary special",Married,"House / apartment",-23360,-469,1,0,0,0,Laborers,2,0
1227,5113171,F,Y,Y,1,67500,Working,"Secondary / secondary special",Married,"House / apartment",-11454,-1678,1,0,1,1,"Cooking staff",3,0
1228,5078805,F,N,Y,0,306000,Working,"Secondary / secondary special",Married,"House / apartment",-18927,-2978,1,0,0,0,"High skill tech staff",2,0
1230,5112975,F,N,N,3,171000,Working,"Secondary / secondary special",Married,"House / apartment",-13692,-3505,1,1,1,0,"High skill tech staff",5,0
1234,5029400,F,N,N,0,112500,Pensioner,"Secondary / secondary special",Married,"House / apartment",-19125,365243,1,0,0,0,Laborers,2,0
1235,5009207,F,N,N,0,292500,"State servant","Secondary / secondary special",Married,"House / apartment",-20953,-8684,1,1,1,0,Accountants,2,0
1239,5041367,F,N,N,0,180000,"State servant","Incomplete higher",Married,"House / apartment",-10315,-2985,1,0,0,0,"Core staff",2,0
1243,5069296,F,N,Y,0,225000,Pensioner,"Secondary / secondary special",Married,"House / apartment",-20989,365243,1,0,0,0,Laborers,2,0
1244,5058271,F,N,Y,0,135000,Working,"Secondary / secondary special",Married,"House / apartment",-19607,-4288,1,0,0,0,"Low-skill Laborers",2,0
1246,5054228,F,N,N,2,180000,Working,"Secondary / secondary special",Married,"House / apartment",-11515,-89,1,1,0,0,Managers,4,0
1247,5023527,F,N,Y,0,274500,"Commercial associate","Secondary / secondary special",Married,"House / apartment",-20459,-6930,1,0,0,0,"High skill tech staff",2,0
1254,5111178,F,N,Y,2,54000,Working,"Higher education",Married,"House / apartment",-11268,-4560,1,1,0,0,"Cleaning staff",4,0
1255,5065808,F,N,N,1,76500,Working,"Higher education",Married,"House / apartment",-15915,-785,1,1,1,0,"Sales staff",3,0
1258,5148573,F,N,Y,0,81000,Pensioner,"Secondary / secondary special",Married,"House / apartment",-20848,365243,1,0,0,0,Laborers,2,0
1260,5092021,F,N,Y,0,135000,Working,"Secondary / secondary special",Married,"House / apartment",-13211,-777,1,1,1,0,"Core staff",2,0
1261,5046083,F,Y,Y,0,99000,Working,"Secondary / secondary special",Married,"House / apartment",-21030,-2299,1,0,0,0,Laborers,2,0
1262,5096085,F,N,N,0,67500,Working,"Secondary / secondary special",Married,"Municipal apartment",-18165,-11451,1,0,0,0,"Cooking staff",2,0
1265,5061135,F,N,Y,2,58500,Working,"Higher education",Married,"House / apartment",-14228,-5950,1,0,0,0,"Core staff",4,0
1266,5010172,F,N,Y,0,135000,"Commercial associate","Secondary / secondary special",Married,"House / apartment",-21300,-464,1,0,0,0,Laborers,2,0
1268,5087756,F,N,N,0,180000,Working,"Secondary / secondary special",Married,"House / apartment",-15280,-2475,1,0,0,0,"Sales staff",2,0
1269,5132845,F,N,Y,0,112500,"State servant","Secondary / secondary special",Married,"House / apartment",-17493,-3694,1,0,0,1,"Medicine staff",2,0
1270,5116046,F,Y,Y,0,144000,Working,"Secondary / secondary special",Married,"House / apartment",-13455,-2051,1,0,0,0,"Core staff",2,0
1274,5095952,F,N,N,2,193500,Working,"Higher education",Married,"With parents",-15011,-7614,1,1,1,0,Laborers,4,0
1277,5114438,F,N,Y,1,157500,Working,"Secondary / secondary special",Married,"House / apartment",-17262,-1107,1,1,1,0,"Sales staff",3,0
1279,5024038,F,N,N,0,135000,Working,"Secondary / secondary special",Married,"House / apartment",-15459,-642,1,0,0,0,"Sales staff",2,0
1282,5104868,F,N,Y,0,112500,Working,"Higher education",Married,"House / apartment",-12114,-4004,1,0,0,0,Accountants,2,0
1283,5062525,F,N,Y,1,112500,Working,"Higher education",Married,"House / apartment",-13656,-2207,1,0,1,0,"Sales staff",3,0
1285,5044669,F,N,Y,0,76500,Pensioner,"Secondary / secondary special",Married,"House / apartment",-16040.34207,365243,1,0,0,0,Laborers,2,0
1288,5097105,F,N,Y,0,193500,Working,"Secondary / secondary special",Married,"House / apartment",-21026,-11448,1,0,1,0,Laborers,2,0
1289,5023706,F,N,Y,0,180000,Working,"Secondary / secondary special",Married,"House / apartment",-17733,-5622,1,0,1,0,Laborers,2,0
1290,5046183,F,N,Y,2,115200,"Commercial associate","Secondary / secondary special",Married,"House / apartment",-14876,-716,1,0,0,0,Laborers,4,0
1291,5142930,F,Y,N,0,56250,Pensioner,"Secondary / secondary special",Married,"House / apartment",-21342,365243,1,0,0,0,Laborers,2,0
1293,5069028,F,N,Y,0,157500,"Commercial associate","Secondary / secondary special",Married,"House / apartment",-16605,-1359,1,0,0,1,"Sales staff",2,0
1295,5091564,F,Y,Y,1,135000,Working,"Secondary / secondary special",Married,"House / apartment",-14935,-1753,1,0,1,0,"Sales staff",3,0
1296,5149887,F,N,Y,0,202500,"Commercial associate","Secondary / secondary special",Married,"House / apartment",-15941,-5830,1,0,0,0,Managers,2,0
1303,5022930,F,N,Y,0,270000,Working,"Higher education",Married,"House / apartment",-9154,-187,1,0,0,1,Laborers,2,0
1305,5023877,F,N,Y,0,360000,Pensioner,"Higher education",Married,"House / apartment",-22985,365243,1,0,1,0,Laborers,2,0
1306,5061139,F,Y,Y,0,90000,Pensioner,"Secondary / secondary special",Married,"House / apartment",-21454,365243,1,0,0,0,Laborers,2,0
1307,5010435,F,N,Y,0,90000,Pensioner,"Secondary / secondary special",Married,"House / apartment",-21518,365243,1,0,0,0,Laborers,2,0
1313,5056179,F,N,Y,0,202500,"Commercial associate","Higher education",Married,"House / apartment",-9663,-218,1,0,0,0,Laborers,2,0
1315,5053980,F,Y,N,0,108000,Working,"Secondary / secondary special",Married,"With parents",-12249,-3195,1,1,0,0,Laborers,2,0
1317,5090383,F,Y,Y,0,180000,"Commercial associate","Secondary / secondary special",Married,"House / apartment",-15421,-1198,1,0,1,0,Laborers,2,0
1319,5105466,F,N,Y,0,112500,Pensioner,"Secondary / secondary special",Married,"House / apartment",-21074,365243,1,0,0,0,Laborers,2,0
1322,5112599,F,N,Y,0,103500,Working,"Secondary / secondary special",Married,"House / apartment",-22466,-12870,1,1,1,0,Managers,2,0
1323,5126121,F,Y,N,0,72000,Working,"Secondary / secondary special",Married,"House / apartment",-15185,-227,1,1,1,0,"Medicine staff",2,0
1324,5125710,F,Y,Y,0,135000,Working,"Lower secondary",Married,"House / apartment",-16413,-622,1,0,1,0,"High skill tech staff",2,0
1328,5089736,F,Y,N,0,135000,Working,"Secondary / secondary special",Married,"House / apartment",-19010,-6761,1,1,1,0,"Cleaning staff",2,0
1331,5037088,F,N,Y,0,81000,Pensioner,"Secondary / secondary special",Married,"House / apartment",-21490,365243,1,0,0,0,Laborers,2,0
1332,5068712,F,Y,Y,0,90000,Working,"Secondary / secondary special",Married,"House / apartment",-13483,-5345,1,0,0,0,Laborers,2,0
1336,5091630,F,N,Y,0,202500,Working,"Secondary / secondary special",Married,"House / apartment",-19431,-6226,1,0,0,0,"High skill tech staff",2,0
1338,5142698,F,Y,N,0,95850,"Commercial associate","Secondary / secondary special",Married,"House / apartment",-18931,-6678,1,1,0,0,Laborers,2,0
1339,5105550,F,N,Y,0,112500,Working,"Higher education",Married,"With parents",-9310,-825,1,0,0,0,"Core staff",2,0
1341,5036219,F,N,Y,0,99000,Working,"Secondary / secondary special",Married,"House / apartment",-15590,-890,1,0,0,0,"Sales staff",2,0
1343,5135851,F,N,Y,1,180000,"Commercial associate","Secondary / secondary special",Married,"House / apartment",-16234,-6075,1,0,1,0,Laborers,3,0
1347,5148525,F,N,Y,0,180000,Pensioner,"Secondary / secondary special",Married,"House / apartment",-23365,365243,1,0,0,0,Laborers,2,0
1349,5024582,F,Y,Y,2,315000,"State servant","Secondary / secondary special",Married,"House / apartment",-12348,-1220,1,0,0,0,Managers,4,0
1350,5105878,F,N,N,1,387000,"Commercial associate","Higher education",Married,"House / apartment",-15220,-727,1,0,0,0,Laborers,3,0
1351,5010874,F,N,Y,0,45000,Pensioner,"Secondary / secondary special",Married,"House / apartment",-20688,365243,1,0,1,0,Laborers,2,0
1352,5099948,F,Y,N,0,185400,"Commercial associate","Secondary / secondary special",Married,"House / apartment",-14747,-3229,1,0,0,0,Laborers,2,0
1353,5096415,F,N,N,0,76500,Working,"Secondary / secondary special",Married,"House / apartment",-16876,-97,1,1,0,0,Laborers,2,0
1356,5090027,F,N,Y,0,126000,Working,"Higher education",Married,"House / apartment",-10075,-460,1,0,1,1,"Core staff",2,0
1357,5132329,F,N,N,0,135000,Pensioner,"Secondary / secondary special",Married,"House / apartment",-22752,365243,1,0,0,0,Laborers,2,0
1358,5125277,F,N,Y,1,90000,Working,"Secondary / secondary special",Married,"House / apartment",-16280,-3694,1,0,0,1,"Sales staff",3,0
1360,5022063,F,N,Y,0,180000,Pensioner,"Higher education",Married,"House / apartment",-20135,365243,1,0,1,0,Laborers,2,0
1363,5054079,F,N,N,0,135000,Working,"Secondary / secondary special",Married,"House / apartment",-17143,-5507,1,0,1,0,Laborers,2,0
1364,5096483,F,N,N,0,103500,Working,"Higher education",Married,"House / apartment",-15989,-6640,1,1,1,0,Laborers,2,0
1365,5025951,F,N,Y,0,130500,Working,"Secondary / secondary special",Married,"House / apartment",-13520,-5488,1,0,0,0,"Core staff",2,0
1366,5010995,F,N,Y,0,90000,Working,"Secondary / secondary special",Married,"House / apartment",-20074,-221,1,0,0,0,"Medicine staff",2,0
1368,5091826,F,N,Y,0,157500,Pensioner,"Secondary / secondary special",Married,"House / apartment",-23627,365243,1,0,0,0,Laborers,2,0
1371,5125425,F,Y,Y,1,189000,Working,"Lower secondary",Married,"House / apartment",-16344,-864,1,0,0,1,"Core staff",3,0
1372,5135474,F,N,Y,0,180000,Working,"Secondary / secondary special",Married,"House / apartment",-19881,-7718,1,0,0,0,Secretaries,2,0
1373,5085865,F,N,Y,0,135000,Working,"Secondary / secondary special",Married,"House / apartment",-18199,-5190,1,0,0,0,"Cleaning staff",2,0
1375,5069466,F,Y,Y,0,166500,Working,"Secondary / secondary special",Married,"House / apartment",-12192,-3123,1,0,0,0,Laborers,2,0
1376,5025089,F,N,Y,0,90000,Pensioner,"Secondary / secondary special",Married,"House / apartment",-22034,365243,1,0,0,0,Laborers,2,0
1378,5010226,F,Y,Y,1,90000,"State servant","Secondary / secondary special",Married,"House / apartment",-17532,-8044,1,0,0,0,"Medicine staff",3,0
1379,5021790,F,Y,Y,2,157500,Working,"Secondary / secondary special",Married,"House / apartment",-15021,-6879,1,0,0,0,"High skill tech staff",4,0
1380,5143374,F,N,N,0,112500,Pensioner,"Secondary / secondary special",Married,"House / apartment",-24001,365243,1,0,0,0,Laborers,2,0
1382,5037202,F,Y,Y,1,112500,Working,"Higher education",Married,"House / apartment",-9032,-420,1,0,0,0,Managers,3,0
1383,5092020,F,N,Y,0,135000,Working,"Secondary / secondary special",Married,"House / apartment",-13211,-777,1,1,1,0,"Core staff",2,0
1384,5142849,F,N,N,0,135000,Working,"Secondary / secondary special",Married,"House / apartment",-14080,-1869,1,0,1,0,Laborers,2,0
1385,5069141,F,N,N,0,135000,"Commercial associate","Higher education",Married,"With parents",-15360,-413,1,0,0,1,"Core staff",2,0
1387,5090464,F,N,N,0,126000,"Commercial associate","Secondary / secondary special",Married,"House / apartment",-16708,-5760,1,1,0,0,Managers,2,0
1388,5149296,F,Y,Y,0,247500,"Commercial associate","Higher education",Married,"House / apartment",-14462,-1871,1,0,1,1,Laborers,2,0
1389,5023914,F,N,Y,2,184500,Working,"Secondary / secondary special",Married,"House / apartment",-9912,-1707,1,1,1,0,"Sales staff",4,0
1395,5036870,F,N,Y,0,72000,Pensioner,"Secondary / secondary special",Married,"House / apartment",-21821,365243,1,0,0,0,Laborers,2,0
1396,5021551,F,N,Y,0,202500,"Commercial associate","Secondary / secondary special",Married,"House / apartment",-20870,-1583,1,0,0,0,"Medicine staff",2,0
1397,5067242,F,Y,Y,0,391500,Working,"Secondary / secondary special",Married,"House / apartment",-16995,-7264,1,0,0,0,"Core staff",2,0
1399,5024666,F,N,Y,0,157500,Working,"Secondary / secondary special",Married,"House / apartment",-14425,-4568,1,1,1,0,Laborers,2,0
1401,5045623,F,N,Y,1,270000,"State servant","Secondary / secondary special",Married,"House / apartment",-14400,-2512,1,0,0,0,"Medicine staff",3,0
1406,5116621,F,Y,Y,1,157500,"State servant","Secondary / secondary special",Married,"House / apartment",-13811,-3380,1,0,0,0,Laborers,3,0
1407,5091925,F,Y,Y,0,405000,"Commercial associate","Incomplete higher",Married,"House / apartment",-18517,-3944,1,0,1,0,Laborers,2,0
1408,5041758,F,N,Y,0,157500,"State servant","Higher education",Married,"House / apartment",-15145,-3654,1,0,1,0,Managers,2,0
1409,5025936,F,N,Y,0,130500,Working,"Secondary / secondary special",Married,"House / apartment",-13520,-5488,1,0,0,0,"Core staff",2,0
1411,5061145,F,Y,Y,0,90000,Pensioner,"Secondary / secondary special",Married,"House / apartment",-21454,365243,1,0,0,0,Laborers,2,0
1413,5146456,F,N,Y,0,135000,"Commercial associate","Secondary / secondary special",Married,"House / apartment",-15407,-1801,1,0,0,0,"Waiters/barmen staff",2,0
1416,5091708,F,Y,Y,0,135000,Working,"Higher education",Married,"House / apartment",-12274,-3944,1,0,0,0,Managers,2,0
1417,5022136,F,N,Y,0,126000,Pensioner,"Secondary / secondary special",Married,"House / apartment",-20681,365243,1,0,0,0,Laborers,2,0
1420,5093248,F,N,Y,0,247500,"Commercial associate","Higher education",Married,"House / apartment",-11914,-2980,1,0,0,0,"Sales staff",2,0
1425,5113801,F,N,Y,1,337500,Working,"Secondary / secondary special",Married,"House / apartment",-12790,-3329,1,0,0,1,"Core staff",3,0
1427,5054733,F,N,N,1,157500,"Commercial associate","Higher education",Married,"House / apartment",-11042,-1581,1,0,0,0,"High skill tech staff",3,0
1431,5105577,F,N,N,0,180000,Working,"Secondary / secondary special",Married,"Municipal apartment",-12024,-210,1,1,1,0,"Sales staff",2,0
1434,5045798,F,Y,N,0,202500,Working,"Higher education",Married,"House / apartment",-9242,-139,1,0,0,0,Accountants,2,0
1436,5088853,F,Y,Y,0,112500,Working,"Higher education",Married,"House / apartment",-11353,-2316,1,0,0,1,Accountants,2,0
1439,5116056,F,N,N,0,135000,Working,"Secondary / secondary special",Married,"House / apartment",-17803,-10762,1,0,0,0,Accountants,2,0
1441,5091549,F,N,Y,0,247500,"Commercial associate","Secondary / secondary special",Married,"House / apartment",-12309,-2788,1,0,1,0,Laborers,2,0
1443,5142248,F,N,Y,0,225000,"State servant","Secondary / secondary special",Married,"House / apartment",-19826,-2340,1,0,0,0,"Private service staff",2,0
1444,5068262,F,N,N,2,157500,"State servant","Higher education",Married,"House / apartment",-12636,-5345,1,0,0,0,"Medicine staff",4,0
1449,5105715,F,N,Y,0,180000,Working,"Secondary / secondary special",Married,"House / apartment",-13856,-3010,1,0,0,0,Laborers,2,0
1451,5145964,F,N,N,2,130500,Working,"Secondary / secondary special",Married,"House / apartment",-15436,-3476,1,0,0,0,"Sales staff",4,0
1456,5137151,F,N,N,0,225000,Pensioner,"Secondary / secondary special",Married,"House / apartment",-20429,365243,1,0,1,0,Laborers,2,0
1459,5068324,F,N,Y,0,171000,Working,"Higher education",Married,"House / apartment",-18348,-3853,1,0,0,0,"High skill tech staff",2,0
1460,5022156,F,Y,Y,2,180000,"Commercial associate","Higher education",Married,"House / apartment",-11719,-2866,1,0,1,1,Laborers,4,0
1462,5068811,F,N,Y,0,315000,"Commercial associate","Secondary / secondary special",Married,"House / apartment",-14419,-2423,1,0,0,0,Laborers,2,0
1463,5068238,F,N,Y,0,247500,Working,"Secondary / secondary special",Married,"House / apartment",-11268,-2545,1,1,1,0,Laborers,2,0
1464,5046495,F,N,Y,0,180000,Pensioner,"Secondary / secondary special",Married,"House / apartment",-21554,365243,1,0,0,0,Laborers,2,0
1472,5091382,F,Y,Y,2,216000,Working,"Higher education",Married,"House / apartment",-12757,-4887,1,0,0,0,"Core staff",4,0
1474,5009918,F,N,Y,2,99000,"Commercial associate","Higher education",Married,"House / apartment",-12752,-433,1,0,1,0,Accountants,4,0
1475,5024238,F,N,Y,0,47250,Pensioner,"Secondary / secondary special",Married,"Municipal apartment",-21414,365243,1,0,1,0,Laborers,2,0
1476,5114427,F,N,N,0,49500,Pensioner,"Secondary / secondary special",Married,"House / apartment",-23753,365243,1,0,0,0,Laborers,2,0
1478,5023816,F,Y,Y,1,225000,"Commercial associate","Higher education",Married,"House / apartment",-17002,-803,1,1,1,0,Managers,3,0
1479,5126562,F,N,N,0,450000,Working,"Higher education",Married,"House / apartment",-11082,-3361,1,0,0,0,"Sales staff",2,0
1484,5094926,F,Y,Y,0,135000,"Commercial associate","Secondary / secondary special",Married,"House / apartment",-12175,-1463,1,1,0,0,"Core staff",2,0
1485,5067312,F,Y,Y,0,225000,Pensioner,"Secondary / secondary special",Married,"House / apartment",-22920,365243,1,0,0,0,Laborers,2,0
1487,5114240,F,N,N,0,270000,Working,"Secondary / secondary special",Married,"House / apartment",-16723,-712,1,1,0,0,Managers,2,0
1488,5068367,F,Y,Y,1,270000,Working,"Secondary / secondary special",Married,"House / apartment",-14084,-3246,1,0,0,0,Laborers,3,0
1492,5118441,F,Y,N,1,108000,"Commercial associate","Higher education",Married,"House / apartment",-16138,-431,1,1,0,0,"Sales staff",3,0
1493,5054343,F,Y,N,0,225000,Working,"Secondary / secondary special",Married,"House / apartment",-20641,-1064,1,0,1,0,"Sales staff",2,0
1495,5090302,F,N,Y,0,405000,"Commercial associate","Secondary / secondary special",Married,"House / apartment",-17427,-4874,1,0,0,1,"Sales staff",2,0
1497,5010344,F,N,N,0,216000,Pensioner,"Secondary / secondary special",Married,"House / apartment",-22867,365243,1,0,0,0,Laborers,2,0
1499,5038582,F,N,Y,0,112500,Pensioner,"Secondary / secondary special",Married,"House / apartment",-24327,365243,1,0,0,0,Laborers,2,0
1500,5067729,F,N,Y,1,135000,"Commercial associate","Incomplete higher",Married,"House / apartment",-10288,-2616,1,1,1,0,Managers,3,0
1502,5010795,F,N,N,0,45000,"State servant","Secondary / secondary special",Married,"House / apartment",-13941,-5334,1,1,1,0,"Medicine staff",2,0
1506,5125172,F,Y,Y,0,157500,Working,"Secondary / secondary special",Married,"House / apartment",-15023,-438,1,0,0,0,Laborers,2,0
1510,5118580,F,Y,Y,0,180000,Working,"Secondary / secondary special",Married,"House / apartment",-13052,-1741,1,0,0,0,Laborers,2,0
1512,5045070,F,N,N,0,112500,Working,"Secondary / secondary special",Married,"House / apartment",-10344,-2533,1,0,0,0,Laborers,2,0
1513,5062334,F,N,N,0,94500,Working,"Higher education",Married,"House / apartment",-9071,-958,1,0,0,0,Laborers,2,0
1515,5021968,F,N,N,1,103500,Working,"Secondary / secondary special",Married,"House / apartment",-11720,-1191,1,0,0,0,"Sales staff",3,0
1517,5067182,F,N,Y,0,112500,Working,"Higher education",Married,"House / apartment",-11432,-820,1,1,0,0,"Core staff",2,0
1518,5112652,F,N,N,0,67500,Working,"Secondary / secondary special",Married,"With parents",-16182,-2827,1,1,1,0,"Cooking staff",2,0
1519,5115523,F,N,Y,3,112500,Working,"Secondary / secondary special",Married,"House / apartment",-13020,-3693,1,0,0,0,"Core staff",5,0
1524,5048458,F,Y,Y,1,126000,Working,"Higher education",Married,"House / apartment",-9441,-157,1,0,0,0,Laborers,3,0
1525,5023719,F,Y,Y,0,175500,Pensioner,"Higher education",Married,"House / apartment",-22077,365243,1,0,1,0,Laborers,2,0
1528,5033520,F,Y,Y,3,180000,Working,"Secondary / secondary special",Married,"Municipal apartment",-12559,-5862,1,0,1,0,"Medicine staff",5,0
1535,5089719,F,N,N,0,144000,Working,"Secondary / secondary special",Married,"House / apartment",-19984,-4662,1,0,1,0,Laborers,2,0
1536,5033447,F,Y,N,0,112500,"Commercial associate","Higher education",Married,"House / apartment",-10828,-657,1,0,0,0,"Core staff",2,0
1538,5125816,F,Y,N,0,450000,Pensioner,"Higher education",Married,"House / apartment",-19783,-5521,1,1,1,0,Managers,2,0
1539,5149946,F,N,Y,0,180000,Working,"Higher education",Married,"House / apartment",-22228,-686,1,1,1,0,"High skill tech staff",2,0
1540,5024049,F,Y,Y,1,144000,Working,"Higher education",Married,"House / apartment",-12903,-2924,1,0,0,0,Accountants,3,0
1541,5117065,F,N,Y,2,225000,Working,"Higher education",Married,"House / apartment",-16040.34207,-1648,1,1,1,0,Accountants,4,0
1543,5028645,F,N,Y,0,191399.3262,"Commercial associate","Higher education",Married,"House / apartment",-11957,-2182,1,0,0,0,Managers,2,0
1547,5053790,F,Y,Y,0,225000,Working,"Higher education",Married,"House / apartment",-16601,-2859,1,0,0,0,Laborers,2,0
